<DATE>	<TIME>	<OPEN>	<HIGH>	<LOW>	<CLOSE>	<TICKVOL>	<VOL>	<SPREAD>
2024.01.02	00:00:00	2338.31	2400.33	2324.03	2380.09	41531	0	5
2024.01.02	04:00:00	2380.09	2394.56	2373.03	2379.38	42335	0	5
2024.01.02	08:00:00	2379.46	2433.89	2375.55	2416.09	46501	0	3
2024.01.02	12:00:00	2416.24	2418.89	2382.06	2399.88	49092	0	5
2024.01.02	16:00:00	2399.79	2405.02	2351.31	2358.40	54796	0	5
2024.01.02	20:00:00	2358.40	2381.23	2341.52	2366.74	48929	0	5
2024.01.03	00:00:00	2365.44	2376.72	2348.00	2374.47	39720	0	5
2024.01.03	04:00:00	2374.60	2386.30	2363.58	2377.47	34637	0	5
2024.01.03	08:00:00	2377.44	2385.80	2357.55	2376.79	38521	0	5
2024.01.03	12:00:00	2376.58	2381.29	2038.58	2225.20	61175	0	0
2024.01.03	16:00:00	2225.20	2246.27	2192.29	2224.88	62949	0	5
2024.01.03	20:00:00	2224.73	2231.02	2186.46	2227.10	50024	0	5
2024.01.04	00:00:00	2220.40	2224.23	2197.16	2207.63	36136	0	5
2024.01.04	04:00:00	2207.74	2246.08	2205.75	2237.94	38140	0	5
2024.01.04	08:00:00	2237.80	2246.97	2213.29	2225.69	43205	0	5
2024.01.04	12:00:00	2225.91	2249.92	2207.19	2239.90	47495	0	5
2024.01.04	16:00:00	2239.82	2292.50	2231.86	2278.39	55659	0	5
2024.01.04	20:00:00	2278.27	2296.95	2270.71	2276.23	48039	0	5
2024.01.05	00:00:00	2276.91	2290.33	2214.34	2240.66	41732	0	5
2024.01.05	04:00:00	2240.45	2254.44	2234.27	2247.87	42500	0	5
2024.01.05	08:00:00	2247.64	2271.32	2241.72	2266.34	40481	0	5
2024.01.05	12:00:00	2266.28	2267.95	2235.04	2249.15	45629	0	5
2024.01.05	16:00:00	2249.10	2254.05	2207.30	2234.05	54852	0	5
2024.01.05	20:00:00	2234.16	2261.77	2225.41	2247.94	41049	0	0
2024.01.06	00:00:00	2247.94	2278.90	2243.82	2257.17	29592	0	5
2024.01.06	04:00:00	2257.35	2260.48	2231.75	2237.64	31659	0	5
2024.01.06	08:00:00	2237.64	2238.06	2217.33	2234.99	19965	0	5
2024.01.06	12:00:00	2240.61	2243.85	2229.54	2235.39	9774	0	5
2024.01.06	16:00:00	2235.39	2251.65	2234.31	2248.18	18474	0	523
2024.01.06	20:00:00	2248.18	2253.63	2233.59	2238.91	20459	0	517
2024.01.07	00:00:00	2236.54	2253.34	2228.47	2239.38	16994	0	519
2024.01.07	04:00:00	2239.38	2249.47	2233.54	2241.66	16918	0	520
2024.01.07	08:00:00	2241.66	2251.39	2228.55	2231.79	18911	0	521
2024.01.07	12:00:00	2231.37	2255.37	2229.07	2250.04	20376	0	522
2024.01.07	16:00:00	2249.73	2253.10	2218.43	2237.29	22758	0	522
2024.01.07	20:00:00	2237.34	2250.14	2233.37	2238.33	15920	0	518
2024.01.08	00:00:00	2233.87	2234.60	2184.71	2202.69	35755	0	60
2024.01.08	04:00:00	2202.62	2206.70	2164.32	2194.45	48338	0	34
2024.01.08	08:00:00	2194.64	2232.46	2192.56	2209.24	30878	0	36
2024.01.08	12:00:00	2209.24	2274.31	2205.62	2264.82	44874	0	146
2024.01.08	16:00:00	2264.82	2306.58	2254.51	2305.46	43218	0	497
2024.01.08	20:00:00	2305.08	2357.60	2303.82	2335.58	53546	0	491
2024.01.09	00:00:00	2334.25	2341.75	2287.22	2307.54	41410	0	14
2024.01.09	04:00:00	2307.85	2316.73	2298.63	2306.95	21719	0	1
2024.01.09	08:00:00	2306.95	2309.49	2283.45	2289.22	36738	0	524
2024.01.09	12:00:00	2289.22	2302.78	2222.81	2272.42	43693	0	534
2024.01.09	16:00:00	2272.42	2280.98	2238.08	2261.93	51166	0	300
2024.01.09	20:00:00	2261.93	2366.34	2241.69	2310.94	48059	0	543
2024.01.10	00:00:00	2310.94	2398.62	2310.94	2374.89	49478	0	528
2024.01.10	04:00:00	2374.89	2391.61	2341.79	2385.09	50996	0	533
2024.01.10	08:00:00	2384.70	2428.31	2360.61	2423.94	50335	0	531
2024.01.10	12:00:00	2422.73	2425.43	2341.17	2375.77	57434	0	539
2024.01.10	16:00:00	2375.93	2455.46	2367.68	2434.17	51996	0	559
2024.01.10	20:00:00	2434.17	2529.78	2409.01	2525.05	54614	0	22
2024.01.11	00:00:00	2512.84	2637.85	2505.94	2564.85	39664	0	575
2024.01.11	04:00:00	2565.11	2627.55	2563.97	2594.46	23653	0	29
2024.01.11	08:00:00	2594.32	2616.85	2570.73	2605.33	21464	0	545
2024.01.11	12:00:00	2605.33	2662.78	2603.85	2634.06	31481	0	564
2024.01.11	16:00:00	2633.86	2687.22	2563.38	2597.33	47798	0	10
2024.01.11	20:00:00	2597.37	2629.42	2584.57	2600.20	29684	0	571
2024.01.12	00:00:00	2605.15	2622.71	2577.39	2590.48	21652	0	561
2024.01.12	04:00:00	2590.40	2612.18	2582.47	2605.53	20023	0	546
2024.01.12	08:00:00	2605.40	2622.37	2581.15	2611.46	28859	0	556
2024.01.12	12:00:00	2611.38	2688.36	2608.28	2670.19	32759	0	542
2024.01.12	16:00:00	2670.19	2717.88	2557.33	2598.11	62142	0	5
2024.01.12	20:00:00	2598.28	2610.93	2500.36	2524.59	47958	0	5
2024.01.13	00:00:00	2500.00	2536.31	2454.50	2524.73	42909	0	5
2024.01.13	04:00:00	2524.74	2556.12	2518.46	2553.46	31416	0	5
2024.01.13	08:00:00	2553.44	2561.21	2541.90	2550.38	12120	0	5
2024.01.13	12:00:00	2542.39	2551.42	2535.96	2542.12	12802	0	5
2024.01.13	16:00:00	2542.13	2572.11	2531.00	2555.95	33282	0	5
2024.01.13	20:00:00	2554.80	2580.68	2551.15	2572.96	25606	0	5
2024.01.14	00:00:00	2569.13	2589.76	2560.58	2569.34	22032	0	5
2024.01.14	04:00:00	2569.25	2571.10	2541.61	2551.82	19757	0	5
2024.01.14	08:00:00	2551.89	2555.42	2539.05	2553.27	15887	0	5
2024.01.14	12:00:00	2553.27	2553.64	2522.47	2532.64	19393	0	5
2024.01.14	16:00:00	2532.66	2545.41	2520.39	2530.05	23075	0	5
2024.01.14	20:00:00	2530.17	2537.04	2496.22	2525.65	31466	0	5
2024.01.15	00:00:00	2522.12	2530.18	2467.47	2504.34	36365	0	5
2024.01.15	04:00:00	2504.34	2518.00	2492.48	2517.37	19267	0	5
2024.01.15	08:00:00	2517.34	2531.96	2501.96	2526.76	19551	0	5
2024.01.15	12:00:00	2526.87	2547.88	2523.98	2537.69	22891	0	5
2024.01.15	16:00:00	2537.15	2539.08	2504.51	2530.61	29612	0	3
2024.01.15	20:00:00	2530.71	2551.60	2518.35	2520.01	24274	0	5
2024.01.16	00:00:00	2520.01	2523.02	2496.50	2512.00	40821	0	5
2024.01.16	04:00:00	2511.73	2539.91	2510.09	2529.13	39797	0	5
2024.01.16	08:00:00	2529.11	2546.74	2519.82	2539.84	50034	0	5
2024.01.16	12:00:00	2539.68	2546.27	2519.48	2523.83	50588	0	5
2024.01.16	16:00:00	2524.07	2578.38	2498.00	2563.03	65773	0	5
2024.01.16	20:00:00	2563.03	2613.92	2553.62	2606.87	55282	0	5
2024.01.17	00:00:00	2605.02	2610.74	2576.41	2578.26	37121	0	5
2024.01.17	04:00:00	2577.95	2581.19	2559.86	2561.34	26904	0	5
2024.01.17	08:00:00	2561.34	2569.50	2534.42	2542.58	35292	0	5
2024.01.17	12:00:00	2542.51	2552.18	2531.13	2541.90	38811	0	5
2024.01.17	16:00:00	2541.90	2573.53	2520.61	2527.47	51674	0	5
2024.01.17	20:00:00	2527.42	2543.67	2515.18	2524.32	35250	0	5
2024.01.18	00:00:00	2524.32	2531.62	2504.48	2520.79	21773	0	5
2024.01.18	04:00:00	2520.68	2536.85	2520.11	2527.41	21151	0	5
2024.01.18	08:00:00	2527.70	2546.99	2525.32	2536.74	23511	0	5
2024.01.18	12:00:00	2536.67	2538.69	2500.58	2513.21	33193	0	5
2024.01.18	16:00:00	2513.09	2533.05	2462.85	2477.42	44465	0	5
2024.01.18	20:00:00	2477.57	2481.81	2422.85	2453.43	54601	0	5
2024.01.19	00:00:00	2453.43	2472.19	2451.88	2460.61	28092	0	5
2024.01.19	04:00:00	2460.78	2466.24	2440.92	2462.75	25807	0	5
2024.01.19	08:00:00	2462.81	2480.79	2456.78	2479.31	25047	0	5
2024.01.19	12:00:00	2479.16	2494.94	2478.12	2494.93	25687	0	5
2024.01.19	16:00:00	2494.69	2498.02	2411.29	2467.64	59450	0	5
2024.01.19	20:00:00	2467.55	2502.36	2457.98	2486.74	44688	0	5
2024.01.20	00:00:00	2481.60	2496.30	2472.87	2487.62	20304	0	5
2024.01.20	04:00:00	2487.34	2487.69	2473.25	2476.02	16608	0	5
2024.01.20	08:00:00	2475.79	2485.17	2475.19	2476.97	7359	0	5
2024.01.20	12:00:00	2469.35	2474.01	2464.96	2470.32	6502	0	5
2024.01.20	16:00:00	2470.24	2472.32	2454.86	2460.23	20212	0	5
2024.01.20	20:00:00	2460.17	2470.58	2452.18	2463.35	18268	0	5
2024.01.21	00:00:00	2465.36	2473.42	2463.15	2467.78	12155	0	5
2024.01.21	04:00:00	2467.85	2479.89	2467.41	2472.27	12397	0	5
2024.01.21	08:00:00	2472.30	2478.80	2465.39	2476.84	9355	0	5
2024.01.21	12:00:00	2476.92	2481.41	2469.50	2478.44	12736	0	5
2024.01.21	16:00:00	2478.32	2480.51	2462.14	2473.04	17247	0	5
2024.01.21	20:00:00	2473.10	2477.10	2463.76	2471.68	10231	0	5
2024.01.22	00:00:00	2470.12	2471.21	2433.04	2437.23	37890	0	1
2024.01.22	04:00:00	2437.48	2444.48	2400.99	2424.83	55168	0	1
2024.01.22	08:00:00	2424.87	2433.71	2382.50	2386.67	53775	0	5
2024.01.22	12:00:00	2386.67	2401.77	2359.82	2385.32	58358	0	5
2024.01.22	16:00:00	2385.57	2389.18	2350.63	2373.38	63399	0	4
2024.01.22	20:00:00	2373.18	2378.85	2302.39	2324.81	61787	0	3
2024.01.23	00:00:00	2318.96	2334.17	2300.50	2331.94	51342	0	5
2024.01.23	04:00:00	2332.16	2349.42	2326.82	2346.13	36698	0	3
2024.01.23	08:00:00	2346.15	2349.10	2209.72	2213.18	56383	0	5
2024.01.23	12:00:00	2213.42	2238.48	2195.96	2197.28	61033	0	5
2024.01.23	16:00:00	2197.28	2229.26	2165.08	2206.12	48317	0	5
2024.01.23	20:00:00	2206.21	2222.65	2178.93	2200.96	23206	0	5
2024.01.24	00:00:00	2201.21	2254.34	2201.21	2221.68	46469	0	5
2024.01.24	04:00:00	2221.69	2231.72	2210.48	2225.57	44610	0	5
2024.01.24	08:00:00	2225.79	2244.44	2218.23	2237.13	48347	0	5
2024.01.24	12:00:00	2237.10	2262.57	2220.75	2226.58	52551	0	5
2024.01.24	16:00:00	2226.58	2243.33	2216.31	2236.07	56340	0	5
2024.01.24	20:00:00	2235.83	2236.67	2195.18	2215.09	52807	0	5
2024.01.25	00:00:00	2213.96	2239.21	2208.70	2212.82	45114	0	5
2024.01.25	04:00:00	2212.65	2220.14	2201.97	2209.40	51673	0	5
2024.01.25	08:00:00	2209.23	2231.83	2208.38	2221.38	45748	0	5
2024.01.25	12:00:00	2221.38	2241.51	2196.71	2204.44	56895	0	5
2024.01.25	16:00:00	2204.37	2214.64	2169.32	2201.59	63189	0	5
2024.01.25	20:00:00	2201.35	2229.31	2201.35	2217.96	58048	0	5
2024.01.26	00:00:00	2216.02	2225.27	2208.68	2222.46	41935	0	5
2024.01.26	04:00:00	2222.43	2236.94	2217.83	2220.09	46580	0	1
2024.01.26	08:00:00	2219.96	2223.37	2194.47	2205.12	46621	0	4
2024.01.26	12:00:00	2205.01	2263.98	2204.28	2239.58	64840	0	3
2024.01.26	16:00:00	2239.54	2281.59	2238.88	2267.99	60778	0	5
2024.01.26	20:00:00	2268.20	2275.78	2250.80	2258.98	53813	0	5
2024.01.27	00:00:00	2255.63	2282.68	2255.63	2270.36	24253	0	5
2024.01.27	04:00:00	2270.46	2276.16	2260.27	2262.46	12979	0	5
2024.01.27	08:00:00	2262.49	2266.52	2252.43	2258.04	8186	0	5
2024.01.27	12:00:00	2265.00	2270.34	2261.76	2267.23	6858	0	5
2024.01.27	16:00:00	2267.29	2274.97	2261.05	2265.22	13682	0	5
2024.01.27	20:00:00	2265.11	2277.58	2262.90	2272.26	15686	0	5
2024.01.28	00:00:00	2267.44	2288.93	2260.95	2278.69	20198	0	5
2024.01.28	04:00:00	2278.64	2308.36	2276.13	2290.82	24612	0	5
2024.01.28	08:00:00	2290.94	2301.75	2277.45	2294.59	21164	0	5
2024.01.28	12:00:00	2294.80	2296.02	2268.44	2278.85	23905	0	5
2024.01.28	16:00:00	2278.80	2286.00	2261.67	2269.28	23996	0	5
2024.01.28	20:00:00	2268.97	2270.22	2246.52	2262.78	24463	0	5
2024.01.29	00:00:00	2256.11	2273.62	2239.00	2264.27	41609	0	5
2024.01.29	04:00:00	2264.27	2277.37	2262.37	2264.54	34702	0	5
2024.01.29	08:00:00	2264.42	2273.10	2253.09	2273.10	36686	0	5
2024.01.29	12:00:00	2273.05	2276.54	2239.16	2243.75	45936	0	3
2024.01.29	16:00:00	2243.49	2313.41	2232.80	2302.41	62227	0	5
2024.01.29	20:00:00	2302.27	2312.74	2291.54	2306.27	49233	0	5
2024.01.30	00:00:00	2304.46	2324.87	2304.01	2314.87	33760	0	2
2024.01.30	04:00:00	2314.78	2327.59	2303.79	2304.87	29831	0	5
2024.01.30	08:00:00	2304.61	2313.50	2300.67	2303.77	27090	0	5
2024.01.30	12:00:00	2303.64	2331.34	2296.47	2305.31	38132	0	5
2024.01.30	16:00:00	2305.20	2381.51	2297.86	2370.05	49612	0	5
2024.01.30	20:00:00	2370.03	2391.99	2363.63	2380.33	38109	0	5
2024.01.31	00:00:00	2374.72	2379.00	2326.54	2331.25	46310	0	5
2024.01.31	04:00:00	2331.04	2344.12	2325.84	2338.01	39391	0	5
2024.01.31	08:00:00	2338.08	2341.94	2307.50	2309.70	41028	0	5
2024.01.31	12:00:00	2309.79	2316.77	2279.25	2310.60	51978	0	5
2024.01.31	16:00:00	2310.53	2349.74	2290.16	2346.80	61206	0	5
2024.01.31	20:00:00	2346.47	2347.69	2262.02	2277.40	60370	0	3
2024.02.01	00:00:00	2268.59	2288.18	2237.84	2243.38	33242	0	2
2024.02.01	04:00:00	2243.26	2266.46	2240.95	2266.17	29847	0	5
2024.02.01	08:00:00	2266.29	2275.51	2262.69	2265.53	22571	0	5
2024.02.01	12:00:00	2265.47	2275.85	2260.89	2269.97	25997	0	5
2024.02.01	16:00:00	2270.08	2310.25	2267.79	2303.46	46452	0	5
2024.02.01	20:00:00	2303.62	2308.61	2290.70	2302.95	32772	0	5
2024.02.02	00:00:00	2296.90	2319.34	2284.26	2305.43	25194	0	5
2024.02.02	04:00:00	2305.33	2307.25	2295.26	2303.23	16477	0	5
2024.02.02	08:00:00	2303.24	2318.90	2302.42	2308.16	22781	0	2
2024.02.02	12:00:00	2308.32	2323.68	2286.82	2289.84	26026	0	5
2024.02.02	16:00:00	2289.79	2322.14	2279.96	2292.17	40946	0	5
2024.02.02	20:00:00	2292.23	2302.55	2285.14	2294.95	24442	0	5
2024.02.03	00:00:00	2303.15	2328.02	2303.15	2324.48	29763	0	5
2024.02.03	04:00:00	2324.51	2325.89	2317.53	2322.84	32497	0	5
2024.02.03	08:00:00	2323.02	2323.37	2312.53	2313.59	17529	0	5
2024.02.03	12:00:00	2302.69	2307.13	2300.52	2305.94	16387	0	5
2024.02.03	16:00:00	2305.93	2311.98	2291.76	2307.90	39637	0	5
2024.02.03	20:00:00	2307.86	2308.07	2295.74	2299.81	32445	0	5
2024.02.04	00:00:00	2299.62	2305.41	2289.59	2303.79	32629	0	5
2024.02.04	04:00:00	2303.85	2305.97	2293.41	2299.17	25414	0	5
2024.02.04	08:00:00	2299.20	2304.05	2285.24	2301.90	37736	0	5
2024.02.04	12:00:00	2301.84	2309.19	2295.70	2303.70	36433	0	5
2024.02.04	16:00:00	2303.43	2306.91	2295.83	2305.28	37729	0	5
2024.02.04	20:00:00	2305.49	2308.68	2264.80	2299.15	41859	0	5
2024.02.05	00:00:00	2299.74	2299.75	2267.03	2280.94	44310	0	5
2024.02.05	04:00:00	2281.09	2297.14	2274.77	2292.89	39353	0	5
2024.02.05	08:00:00	2292.89	2323.34	2291.38	2318.01	39637	0	5
2024.02.05	12:00:00	2318.08	2336.03	2318.01	2327.84	49021	0	5
2024.02.05	16:00:00	2327.84	2331.82	2287.43	2298.77	54462	0	5
2024.02.05	20:00:00	2298.72	2309.64	2280.79	2286.04	44539	0	5
2024.02.06	00:00:00	2282.95	2309.89	2282.95	2304.73	31649	0	5
2024.02.06	04:00:00	2304.77	2327.03	2303.37	2311.62	38129	0	2
2024.02.06	08:00:00	2311.45	2334.90	2306.43	2332.51	41363	0	5
2024.02.06	12:00:00	2332.50	2346.56	2308.29	2336.17	50686	0	5
2024.02.06	16:00:00	2335.89	2364.23	2328.82	2352.79	56377	0	5
2024.02.06	20:00:00	2353.13	2391.88	2347.37	2380.01	49074	0	5
2024.02.07	00:00:00	2367.55	2389.93	2367.55	2375.28	39380	0	5
2024.02.07	04:00:00	2375.46	2379.55	2355.20	2363.70	39050	0	5
2024.02.07	08:00:00	2363.54	2375.73	2354.96	2369.88	34125	0	5
2024.02.07	12:00:00	2370.20	2375.49	2352.02	2371.99	41238	0	5
2024.02.07	16:00:00	2371.81	2423.20	2359.68	2408.81	58093	0	5
2024.02.07	20:00:00	2408.67	2444.48	2404.30	2430.24	55920	0	5
2024.02.08	00:00:00	2421.66	2443.68	2420.51	2441.36	44921	0	2
2024.02.08	04:00:00	2441.45	2443.99	2421.35	2422.39	42897	0	5
2024.02.08	08:00:00	2422.21	2427.35	2410.88	2422.78	43030	0	5
2024.02.08	12:00:00	2422.96	2429.40	2414.79	2423.94	47618	0	5
2024.02.08	16:00:00	2423.84	2463.19	2412.70	2423.75	63314	0	5
2024.02.08	20:00:00	2423.95	2433.77	2419.98	2425.08	48543	0	5
2024.02.09	00:00:00	2426.34	2430.52	2417.49	2424.42	39709	0	5
2024.02.09	04:00:00	2424.43	2465.76	2422.58	2453.44	54073	0	5
2024.02.09	08:00:00	2453.47	2479.67	2445.71	2466.70	51711	0	5
2024.02.09	12:00:00	2466.74	2523.02	2461.68	2512.41	58573	0	5
2024.02.09	16:00:00	2512.41	2518.82	2476.45	2498.25	61236	0	4
2024.02.09	20:00:00	2498.25	2523.95	2481.58	2503.69	59395	0	5
2024.02.10	00:00:00	2500.58	2507.13	2483.37	2499.18	23572	0	5
2024.02.10	04:00:00	2499.11	2517.09	2496.87	2505.07	12104	0	5
2024.02.10	08:00:00	2505.07	2508.80	2495.27	2496.36	6388	0	5
2024.02.10	12:00:00	2484.25	2493.56	2481.56	2490.65	7897	0	5
2024.02.10	16:00:00	2490.73	2497.39	2484.45	2485.80	11964	0	5
2024.02.10	20:00:00	2485.87	2517.33	2484.21	2511.71	19206	0	5
2024.02.11	00:00:00	2507.52	2515.32	2492.72	2508.11	17326	0	5
2024.02.11	04:00:00	2508.07	2538.51	2505.46	2524.82	21863	0	5
2024.02.11	08:00:00	2524.84	2540.73	2521.91	2524.45	16002	0	5
2024.02.11	12:00:00	2524.51	2533.41	2510.04	2511.29	19740	0	3
2024.02.11	16:00:00	2511.34	2520.79	2501.50	2511.91	20448	0	5
2024.02.11	20:00:00	2511.97	2514.53	2493.59	2504.38	15894	0	5
2024.02.12	00:00:00	2502.46	2525.41	2496.81	2515.24	37379	0	5
2024.02.12	04:00:00	2515.23	2518.50	2493.65	2494.46	43462	0	5
2024.02.12	08:00:00	2494.41	2505.61	2471.15	2477.01	47808	0	5
2024.02.12	12:00:00	2477.15	2490.02	2472.43	2487.21	42758	0	5
2024.02.12	16:00:00	2487.21	2618.17	2485.96	2610.57	70002	0	5
2024.02.12	20:00:00	2610.40	2654.13	2604.77	2633.48	64235	0	5
2024.02.13	00:00:00	2635.82	2687.40	2635.82	2679.06	51167	0	5
2024.02.13	04:00:00	2679.10	2682.85	2637.03	2653.23	47188	0	5
2024.02.13	08:00:00	2653.09	2683.04	2641.51	2678.26	44498	0	5
2024.02.13	12:00:00	2677.98	2687.10	2610.51	2644.40	60230	0	1
2024.02.13	16:00:00	2645.02	2654.75	2590.50	2620.65	68395	0	5
2024.02.13	20:00:00	2620.65	2651.14	2609.78	2633.42	58281	0	5
2024.02.14	00:00:00	2629.58	2644.64	2617.91	2623.89	45668	0	5
2024.02.14	04:00:00	2623.86	2645.22	2619.20	2643.18	43026	0	5
2024.02.14	08:00:00	2643.26	2749.25	2640.68	2747.64	58487	0	5
2024.02.14	12:00:00	2747.64	2772.36	2733.41	2765.46	66624	0	4
2024.02.14	16:00:00	2765.42	2773.22	2730.61	2742.93	65506	0	5
2024.02.14	20:00:00	2742.89	2789.08	2728.74	2780.73	59514	0	5
2024.02.15	00:00:00	2776.02	2828.61	2766.45	2780.95	37752	0	5
2024.02.15	04:00:00	2780.70	2806.53	2762.37	2773.44	21362	0	5
2024.02.15	08:00:00	2773.47	2796.76	2763.67	2793.28	26704	0	5
2024.02.15	12:00:00	2793.17	2817.13	2778.39	2812.69	37483	0	5
2024.02.15	16:00:00	2812.32	2869.38	2801.69	2817.59	58477	0	5
2024.02.15	20:00:00	2817.20	2848.47	2789.16	2797.48	39729	0	5
2024.02.16	00:00:00	2800.62	2860.96	2795.05	2846.39	23666	0	5
2024.02.16	04:00:00	2846.40	2860.40	2838.34	2843.92	22607	0	5
2024.02.16	08:00:00	2843.72	2854.47	2795.66	2811.31	33606	0	5
2024.02.16	12:00:00	2810.79	2849.74	2807.11	2841.62	35102	0	5
2024.02.16	16:00:00	2841.62	2845.94	2743.60	2779.22	49783	0	5
2024.02.16	20:00:00	2779.09	2793.38	2757.56	2792.23	29097	0	5
2024.02.17	00:00:00	2784.60	2812.01	2779.42	2788.28	14071	0	5
2024.02.17	04:00:00	2788.35	2799.11	2780.47	2787.23	14061	0	5
2024.02.17	08:00:00	2787.27	2799.69	2783.67	2796.37	6514	0	5
2024.02.17	12:00:00	2781.95	2788.94	2742.90	2744.57	14562	0	5
2024.02.17	16:00:00	2744.72	2772.90	2719.39	2770.03	34727	0	5
2024.02.17	20:00:00	2769.93	2804.06	2765.77	2786.85	18312	0	5
2024.02.18	00:00:00	2781.90	2799.06	2778.05	2780.81	15147	0	5
2024.02.18	04:00:00	2780.90	2806.43	2765.37	2804.52	20662	0	5
2024.02.18	08:00:00	2804.64	2822.52	2780.17	2820.39	23314	0	5
2024.02.18	12:00:00	2819.97	2824.49	2785.50	2787.20	20551	0	4
2024.02.18	16:00:00	2787.20	2822.53	2787.10	2812.02	22846	0	5
2024.02.18	20:00:00	2811.96	2847.44	2806.97	2846.18	23361	0	5
2024.02.19	00:00:00	2847.80	2896.34	2847.51	2868.62	33638	0	5
2024.02.19	04:00:00	2868.55	2911.49	2868.11	2908.19	26460	0	5
2024.02.19	08:00:00	2907.68	2932.34	2901.75	2908.91	33700	0	5
2024.02.19	12:00:00	2909.00	2920.26	2892.03	2893.80	29930	0	5
2024.02.19	16:00:00	2893.83	2944.86	2886.57	2942.96	40863	0	5
2024.02.19	20:00:00	2943.24	2969.92	2920.25	2967.95	32876	0	5
2024.02.20	00:00:00	2971.20	2986.12	2904.69	2922.93	31309	0	5
2024.02.20	04:00:00	2922.65	2935.60	2903.68	2927.68	19931	0	5
2024.02.20	08:00:00	2927.85	2935.15	2874.15	2900.62	20476	0	5
2024.02.20	12:00:00	2900.55	3003.36	2900.31	2999.35	34311	0	5
2024.02.20	16:00:00	2999.04	3006.04	2885.47	2917.57	51404	0	5
2024.02.20	20:00:00	2917.43	2996.09	2908.34	2988.71	32865	0	5
2024.02.21	00:00:00	2987.83	3034.14	2983.92	3000.89	24846	0	5
2024.02.21	04:00:00	3000.89	3013.16	2971.91	2975.95	20912	0	5
2024.02.21	08:00:00	2975.54	2980.55	2886.87	2899.77	30605	0	3
2024.02.21	12:00:00	2899.76	2928.74	2877.54	2907.74	35604	0	5
2024.02.21	16:00:00	2907.78	2937.94	2868.14	2898.26	37787	0	5
2024.02.21	20:00:00	2898.46	2928.23	2886.09	2927.96	28467	0	5
2024.02.22	00:00:00	2917.70	2980.89	2906.28	2910.43	24606	0	5
2024.02.22	04:00:00	2910.47	2943.77	2909.29	2933.05	19071	0	5
2024.02.22	08:00:00	2933.13	3032.51	2930.36	3022.84	31297	0	5
2024.02.22	12:00:00	3022.77	3023.57	2929.25	2942.82	31195	0	5
2024.02.22	16:00:00	2943.06	2996.26	2937.73	2984.52	31981	0	5
2024.02.22	20:00:00	2984.47	3035.27	2970.75	2984.79	28726	0	1
2024.02.23	00:00:00	2985.18	2992.25	2966.72	2978.12	21881	0	5
2024.02.23	04:00:00	2978.05	2990.04	2931.26	2958.02	24304	0	5
2024.02.23	08:00:00	2958.07	2966.88	2911.78	2938.45	22559	0	5
2024.02.23	12:00:00	2938.02	2948.52	2923.30	2941.26	18870	0	5
2024.02.23	16:00:00	2941.23	2961.88	2905.54	2945.61	36735	0	5
2024.02.23	20:00:00	2945.20	2954.00	2933.25	2942.21	16040	0	5
2024.02.24	00:00:00	2944.34	2947.30	2905.56	2909.05	19761	0	5
2024.02.24	04:00:00	2909.08	2952.41	2908.30	2947.45	23477	0	5
2024.02.24	08:00:00	2947.56	2964.35	2943.85	2962.54	11244	0	5
2024.02.24	12:00:00	2961.93	2967.39	2953.22	2966.46	9948	0	5
2024.02.24	16:00:00	2966.35	3004.97	2952.65	2992.87	27401	0	1
2024.02.24	20:00:00	2992.35	3003.46	2976.93	2984.65	27434	0	5
2024.02.25	00:00:00	2988.76	3016.79	2982.48	3015.43	21116	0	5
2024.02.25	04:00:00	3015.36	3048.39	3008.84	3032.96	36411	0	5
2024.02.25	08:00:00	3032.78	3047.83	3009.54	3020.35	30127	0	5
2024.02.25	12:00:00	3020.28	3048.77	3019.90	3037.08	30344	0	3
2024.02.25	16:00:00	3037.31	3073.52	3027.35	3062.21	44043	0	5
2024.02.25	20:00:00	3062.04	3121.19	3050.37	3109.62	37070	0	5
2024.02.26	00:00:00	3110.43	3133.78	3097.25	3107.25	36393	0	5
2024.02.26	04:00:00	3107.25	3110.96	3085.11	3106.95	26156	0	5
2024.02.26	08:00:00	3107.03	3115.18	3036.53	3041.04	35570	0	5
2024.02.26	12:00:00	3040.96	3077.88	3037.53	3060.80	40739	0	5
2024.02.26	16:00:00	3060.84	3167.72	3059.05	3151.30	58212	0	1
2024.02.26	20:00:00	3150.97	3199.63	3130.00	3186.34	54085	0	5
2024.02.27	00:00:00	3184.94	3230.81	3166.77	3219.66	39740	0	5
2024.02.27	04:00:00	3219.65	3273.85	3204.20	3222.61	50709	0	5
2024.02.27	08:00:00	3222.82	3261.48	3211.00	3260.07	43080	0	5
2024.02.27	12:00:00	3260.20	3292.82	3244.59	3270.49	54166	0	3
2024.02.27	16:00:00	3270.81	3277.90	3203.53	3226.67	62872	0	5
2024.02.27	20:00:00	3226.73	3262.72	3221.50	3249.65	48338	0	5
2024.02.28	00:00:00	3247.87	3270.16	3234.09	3236.98	46622	0	5
2024.02.28	04:00:00	3237.17	3272.61	3232.41	3254.57	51620	0	5
2024.02.28	08:00:00	3254.69	3365.61	3252.87	3360.99	63571	0	5
2024.02.28	12:00:00	3361.14	3371.54	3281.03	3355.18	68156	0	5
2024.02.28	16:00:00	3355.35	3495.44	3175.80	3345.21	69286	0	3
2024.02.28	20:00:00	3345.21	3363.69	3201.94	3321.63	65072	0	5
2024.02.29	00:00:00	3319.10	3468.43	3319.10	3418.75	56588	0	5
2024.02.29	04:00:00	3418.30	3475.11	3393.01	3469.05	65791	0	5
2024.02.29	08:00:00	3469.41	3502.06	3442.07	3462.40	67084	0	5
2024.02.29	12:00:00	3462.18	3523.25	3443.12	3479.45	66370	0	5
2024.02.29	16:00:00	3479.36	3499.86	3350.95	3384.40	68110	0	5
2024.02.29	20:00:00	3384.37	3417.25	3312.90	3350.06	66253	0	5
2024.03.01	00:00:00	3342.17	3389.87	3300.94	3376.58	35570	0	5
2024.03.01	04:00:00	3376.13	3387.95	3353.41	3370.50	19844	0	5
2024.03.01	08:00:00	3370.50	3438.28	3354.66	3431.31	19947	0	5
2024.03.01	12:00:00	3430.50	3451.57	3400.68	3440.57	20713	0	5
2024.03.01	16:00:00	3440.50	3451.07	3379.92	3419.76	24598	0	5
2024.03.01	20:00:00	3419.75	3453.46	3410.33	3429.17	21838	0	5
2024.03.02	00:00:00	3432.00	3462.65	3427.27	3444.97	30289	0	5
2024.03.02	04:00:00	3444.40	3449.70	3400.50	3423.14	54388	0	5
2024.03.02	08:00:00	3423.35	3453.05	3418.28	3434.80	28259	0	5
2024.03.02	12:00:00	3409.08	3431.76	3408.28	3414.83	27062	0	5
2024.03.02	16:00:00	3414.70	3435.37	3398.10	3418.16	56899	0	5
2024.03.02	20:00:00	3418.20	3435.76	3407.20	3413.18	48115	0	5
2024.03.03	00:00:00	3404.10	3437.06	3404.08	3433.75	50438	0	5
2024.03.03	04:00:00	3433.80	3448.90	3413.02	3424.37	49966	0	5
2024.03.03	08:00:00	3424.14	3428.93	3362.38	3408.88	59913	0	3
2024.03.03	12:00:00	3408.75	3450.58	3397.95	3431.86	56920	0	5
2024.03.03	16:00:00	3432.50	3487.01	3418.42	3463.42	58112	0	5
2024.03.03	20:00:00	3463.38	3481.41	3459.34	3479.29	50337	0	5
2024.03.04	00:00:00	3475.12	3532.08	3427.59	3480.59	54998	0	5
2024.03.04	04:00:00	3480.63	3502.41	3458.02	3467.75	47958	0	5
2024.03.04	08:00:00	3467.74	3543.51	3462.53	3526.18	52007	0	5
2024.03.04	12:00:00	3526.09	3527.09	3484.03	3492.29	50993	0	5
2024.03.04	16:00:00	3492.40	3589.30	3461.40	3548.36	69728	0	1
2024.03.04	20:00:00	3548.33	3611.50	3534.64	3585.21	63322	0	5
2024.03.05	00:00:00	3582.79	3663.02	3568.41	3650.47	57955	0	5
2024.03.05	04:00:00	3650.35	3746.90	3613.08	3717.55	65709	0	5
2024.03.05	08:00:00	3717.68	3730.21	3654.16	3691.24	63153	0	5
2024.03.05	12:00:00	3691.15	3786.07	3689.70	3782.46	59769	0	5
2024.03.05	16:00:00	3781.92	3829.44	3553.59	3688.10	59559	0	2
2024.03.05	20:00:00	3688.10	3688.10	3194.67	3521.22	44186	0	5
2024.03.06	00:00:00	3513.46	3596.36	3433.52	3522.89	51760	0	5
2024.03.06	04:00:00	3522.49	3774.15	3502.01	3772.14	61164	0	5
2024.03.06	08:00:00	3772.39	3869.41	3742.84	3792.78	66042	0	2
2024.03.06	12:00:00	3793.36	3902.85	3754.50	3832.03	69173	0	5
2024.03.06	16:00:00	3831.38	3863.62	3724.35	3849.58	45687	0	5
2024.03.06	20:00:00	3849.33	3901.30	3834.50	3846.99	25383	0	5
2024.03.07	00:00:00	3836.78	3855.16	3777.00	3832.58	30450	0	5
2024.03.07	04:00:00	3832.90	3833.21	3744.89	3756.54	29689	0	5
2024.03.07	08:00:00	3756.54	3816.40	3736.68	3788.27	27967	0	5
2024.03.07	12:00:00	3788.27	3817.56	3767.08	3808.20	27137	0	5
2024.03.07	16:00:00	3808.02	3878.81	3784.51	3864.24	35803	0	5
2024.03.07	20:00:00	3863.63	3940.93	3848.22	3874.56	30145	0	5
2024.03.08	00:00:00	3878.17	3947.38	3840.80	3911.66	19650	0	5
2024.03.08	04:00:00	3910.57	3923.80	3883.35	3892.91	17296	0	5
2024.03.08	08:00:00	3892.91	3959.64	3887.09	3934.71	22614	0	5
2024.03.08	12:00:00	3934.71	3990.08	3926.51	3979.31	23114	0	5
2024.03.08	16:00:00	3979.50	4002.10	3822.88	3948.59	42515	0	5
2024.03.08	20:00:00	3947.85	3961.30	3890.15	3911.92	29963	0	5
2024.03.09	00:00:00	3912.44	3923.81	3879.25	3912.22	17646	0	5
2024.03.09	04:00:00	3912.22	3940.38	3908.77	3927.44	14705	0	5
2024.03.09	08:00:00	3927.37	3951.92	3925.82	3934.22	7352	0	5
2024.03.09	12:00:00	3921.86	3936.42	3910.02	3926.47	8775	0	5
2024.03.09	16:00:00	3926.44	3934.89	3879.30	3892.21	20497	0	5
2024.03.09	20:00:00	3892.42	3918.09	3886.85	3913.55	16058	0	5
2024.03.10	00:00:00	3911.48	3951.62	3904.40	3939.91	18799	0	5
2024.03.10	04:00:00	3939.91	3959.19	3920.77	3947.13	19850	0	5
2024.03.10	08:00:00	3947.33	3972.63	3931.00	3956.04	18174	0	5
2024.03.10	12:00:00	3956.58	3966.20	3894.18	3907.51	23569	0	5
2024.03.10	16:00:00	3906.42	3933.40	3869.92	3919.42	25457	0	3
2024.03.10	20:00:00	3919.62	3926.37	3878.56	3887.07	12538	0	5
2024.03.11	00:00:00	3879.13	3892.41	3730.50	3821.60	35157	0	5
2024.03.11	04:00:00	3821.60	3882.32	3817.45	3850.52	23060	0	5
2024.03.11	08:00:00	3850.59	4045.64	3836.85	4034.58	40132	0	4
2024.03.11	12:00:00	4034.58	4068.46	4015.57	4020.64	36042	0	5
2024.03.11	16:00:00	4021.46	4054.65	3997.39	4041.27	34714	0	6
2024.03.11	20:00:00	4041.18	4091.08	4028.36	4054.97	28174	0	5
2024.03.12	00:00:00	4048.89	4094.11	4046.13	4062.17	25309	0	5
2024.03.12	04:00:00	4062.17	4062.30	4020.17	4039.52	23422	0	5
2024.03.12	08:00:00	4039.60	4039.89	3966.80	4010.42	32112	0	5
2024.03.12	12:00:00	4010.42	4066.59	3977.05	4024.26	36953	0	5
2024.03.12	16:00:00	4024.26	4055.04	3828.36	3951.38	54942	0	2
2024.03.12	20:00:00	3951.12	3993.69	3929.00	3940.45	34684	0	5
2024.03.13	00:00:00	3949.09	4032.82	3935.84	4024.49	25960	0	5
2024.03.13	04:00:00	4024.49	4049.20	4014.02	4040.50	19780	0	5
2024.03.13	08:00:00	4040.71	4086.64	4035.96	4052.61	32443	0	5
2024.03.13	12:00:00	4052.61	4063.09	3933.38	3976.77	32487	0	5
2024.03.13	16:00:00	3976.79	4002.97	3951.00	3985.20	42736	0	5
2024.03.13	20:00:00	3985.09	4024.02	3976.40	4007.66	25997	0	5
2024.03.14	00:00:00	3999.23	4015.21	3957.08	3986.20	54458	0	4
2024.03.14	04:00:00	3986.03	4009.04	3942.65	3972.72	54368	0	5
2024.03.14	08:00:00	3972.67	4000.66	3960.78	3990.23	55769	0	5
2024.03.14	12:00:00	3990.11	3993.30	3849.24	3879.72	62336	0	5
2024.03.14	16:00:00	3879.61	3932.64	3818.05	3874.44	52978	0	5
2024.03.14	20:00:00	3874.44	3874.44	3719.01	3863.80	31766	0	5
2024.03.15	00:00:00	3874.67	3932.36	3867.51	3877.88	56767	0	5
2024.03.15	04:00:00	3877.59	3883.65	3616.81	3671.90	69120	0	5
2024.03.15	08:00:00	3672.09	3779.14	3560.91	3679.57	67698	0	5
2024.03.15	12:00:00	3679.25	3738.54	3617.50	3721.09	72213	0	5
2024.03.15	16:00:00	3721.04	3729.43	3658.05	3694.15	66809	0	5
2024.03.15	20:00:00	3693.69	3803.65	3606.02	3626.53	41098	0	5
2024.03.16	00:00:00	3666.43	3780.72	3663.61	3744.72	49795	0	5
2024.03.16	04:00:00	3744.76	3748.12	3689.47	3712.42	41205	0	5
2024.03.16	08:00:00	3712.65	3740.73	3705.15	3739.31	17647	0	5
2024.03.16	12:00:00	3693.32	3710.84	3645.33	3646.74	29048	0	5
2024.03.16	16:00:00	3646.18	3681.35	3625.15	3630.83	51119	0	5
2024.03.16	20:00:00	3631.51	3636.98	3539.41	3553.73	58473	0	5
2024.03.17	00:00:00	3544.43	3578.06	3467.20	3555.74	58337	0	5
2024.03.17	04:00:00	3555.64	3579.71	3533.46	3543.49	41463	0	5
2024.03.17	08:00:00	3543.49	3570.89	3409.48	3551.36	55854	0	2
2024.03.17	12:00:00	3550.74	3600.99	3524.15	3568.24	50693	0	5
2024.03.17	16:00:00	3568.44	3643.86	3552.94	3639.37	45487	0	5
2024.03.17	20:00:00	3639.37	3654.79	3618.01	3635.82	31394	0	5
2024.03.18	00:00:00	3636.64	3676.12	3553.89	3598.37	60382	0	5
2024.03.18	04:00:00	3598.38	3640.06	3573.00	3630.73	61753	0	5
2024.03.18	08:00:00	3630.68	3638.46	3552.43	3560.39	62568	0	5
2024.03.18	12:00:00	3560.96	3612.61	3525.20	3543.37	65867	0	5
2024.03.18	16:00:00	3544.02	3562.27	3452.29	3506.22	61529	0	5
2024.03.18	20:00:00	3506.08	3547.10	3463.14	3526.23	58333	0	5
2024.03.19	00:00:00	3518.27	3547.77	3381.73	3391.61	64218	0	5
2024.03.19	04:00:00	3391.96	3444.21	3352.45	3381.69	71001	0	2
2024.03.19	08:00:00	3381.79	3392.54	3203.90	3289.53	72286	0	5
2024.03.19	12:00:00	3289.53	3312.54	3199.54	3289.44	70974	0	5
2024.03.19	16:00:00	3289.44	3357.45	3218.10	3313.16	72092	0	1
2024.03.19	20:00:00	3313.30	3359.37	3250.01	3288.66	61478	0	5
2024.03.20	00:00:00	3283.03	3289.17	3147.03	3172.46	67779	0	5
2024.03.20	04:00:00	3172.46	3261.28	3056.25	3107.66	68773	0	5
2024.03.20	08:00:00	3107.59	3242.68	3105.57	3233.01	68592	0	4
2024.03.20	12:00:00	3232.65	3370.82	3214.21	3344.81	65015	0	5
2024.03.20	16:00:00	3344.81	3396.45	3140.49	3298.77	42071	0	5
2024.03.20	20:00:00	3298.89	3519.25	3295.59	3499.58	36940	0	5
2024.03.21	00:00:00	3519.03	3550.46	3492.01	3526.52	55212	0	5
2024.03.21	04:00:00	3526.94	3559.37	3448.40	3511.87	54544	0	5
2024.03.21	08:00:00	3512.15	3587.67	3501.20	3537.29	50977	0	1
2024.03.21	12:00:00	3537.20	3575.41	3514.50	3519.87	51806	0	5
2024.03.21	16:00:00	3520.07	3565.16	3460.34	3471.21	62110	0	5
2024.03.21	20:00:00	3470.72	3508.20	3410.07	3503.71	55308	0	5
2024.03.22	00:00:00	3512.62	3522.24	3459.70	3462.73	30560	0	5
2024.03.22	04:00:00	3462.81	3532.92	3453.25	3531.40	27438	0	5
2024.03.22	08:00:00	3531.36	3543.02	3455.79	3467.25	24585	0	5
2024.03.22	12:00:00	3467.40	3473.90	3329.19	3339.91	34324	0	5
2024.03.22	16:00:00	3340.32	3374.49	3279.45	3336.48	40626	0	5
2024.03.22	20:00:00	3336.33	3360.26	3249.10	3294.32	27557	0	5
2024.03.23	00:00:00	3287.81	3353.41	3255.62	3346.45	20641	0	5
2024.03.23	04:00:00	3346.45	3361.64	3271.30	3332.00	27134	0	5
2024.03.23	08:00:00	3332.11	3384.50	3322.31	3365.54	19789	0	5
2024.03.23	12:00:00	3365.01	3383.09	3343.30	3366.80	19834	0	5
2024.03.23	16:00:00	3366.76	3434.98	3354.00	3404.99	47853	0	5
2024.03.23	20:00:00	3405.01	3414.12	3370.76	3387.80	31174	0	5
2024.03.24	00:00:00	3389.73	3401.50	3328.11	3351.92	37670	0	4
2024.03.24	04:00:00	3351.41	3356.78	3300.16	3326.29	37579	0	5
2024.03.24	08:00:00	3326.30	3380.57	3315.58	3364.65	38631	0	5
2024.03.24	12:00:00	3364.65	3411.10	3363.52	3386.36	40136	0	5
2024.03.24	16:00:00	3386.42	3414.46	3333.07	3366.94	43073	0	5
2024.03.24	20:00:00	3367.13	3428.21	3366.41	3422.81	37461	0	5
2024.03.25	00:00:00	3427.87	3470.48	3419.02	3428.20	57870	0	1
2024.03.25	04:00:00	3428.16	3505.25	3420.58	3485.79	60163	0	5
2024.03.25	08:00:00	3485.73	3488.05	3434.96	3456.67	59968	0	5
2024.03.25	12:00:00	3456.94	3486.65	3429.35	3484.85	59895	0	5
2024.03.25	16:00:00	3485.14	3658.89	3472.29	3638.60	68488	0	5
2024.03.25	20:00:00	3639.74	3647.89	3566.86	3589.03	52311	0	5
2024.03.26	00:00:00	3600.25	3623.78	3579.22	3616.25	52636	0	1
2024.03.26	04:00:00	3615.95	3643.58	3599.42	3630.90	55511	0	5
2024.03.26	08:00:00	3630.90	3679.32	3626.55	3665.74	59659	0	5
2024.03.26	12:00:00	3666.17	3668.94	3593.70	3608.36	59329	0	5
2024.03.26	16:00:00	3608.41	3620.52	3543.35	3584.77	67110	0	5
2024.03.26	20:00:00	3584.24	3596.68	3557.10	3587.01	53548	0	1
2024.03.27	00:00:00	3584.37	3627.52	3571.09	3605.59	55105	0	5
2024.03.27	04:00:00	3605.56	3622.72	3581.25	3611.42	55019	0	5
2024.03.27	08:00:00	3610.80	3616.78	3532.18	3572.87	55112	0	5
2024.03.27	12:00:00	3572.92	3665.34	3553.23	3564.15	58157	0	5
2024.03.27	16:00:00	3564.15	3571.43	3480.88	3495.42	67962	0	3
2024.03.27	20:00:00	3496.22	3518.96	3457.25	3505.37	55725	0	5
2024.03.28	00:00:00	3507.25	3530.71	3487.13	3495.07	57448	0	5
2024.03.28	04:00:00	3495.17	3537.91	3462.14	3531.72	52236	0	5
2024.03.28	08:00:00	3531.72	3592.18	3525.66	3582.22	61883	0	5
2024.03.28	12:00:00	3582.17	3603.38	3549.12	3580.65	64369	0	3
2024.03.28	16:00:00	3580.16	3612.34	3541.21	3553.82	66814	0	5
2024.03.28	20:00:00	3553.58	3577.32	3550.19	3562.30	50338	0	5
2024.03.29	00:00:00	3559.85	3584.67	3543.78	3569.72	53551	0	5
2024.03.29	04:00:00	3569.65	3581.07	3550.33	3558.86	53096	0	5
2024.03.29	08:00:00	3558.81	3576.99	3512.73	3533.24	57490	0	5
2024.03.29	12:00:00	3533.10	3563.26	3522.45	3549.48	55962	0	5
2024.03.29	16:00:00	3549.21	3559.08	3472.49	3486.83	58949	0	5
2024.03.29	20:00:00	3486.20	3502.43	3475.96	3498.12	35305	0	5
2024.03.30	00:00:00	3493.15	3525.16	3492.15	3511.60	49022	0	5
2024.03.30	04:00:00	3511.57	3531.35	3487.50	3508.59	52304	0	5
2024.03.30	08:00:00	3508.92	3509.70	3492.99	3494.12	23277	0	5
2024.03.30	12:00:00	3562.52	3568.25	3537.30	3545.23	25585	0	5
2024.03.30	16:00:00	3545.29	3550.94	3527.61	3534.21	48823	0	2
2024.03.30	20:00:00	3533.96	3534.30	3488.42	3505.24	44174	0	1
2024.03.31	00:00:00	3507.29	3520.80	3497.58	3518.56	36596	0	5
2024.03.31	04:00:00	3532.31	3547.99	3524.53	3543.50	21054	0	5
2024.03.31	08:00:00	3543.14	3634.18	3540.11	3617.80	51544	0	5
2024.03.31	12:00:00	3618.14	3625.57	3600.17	3618.43	44544	0	5
2024.03.31	16:00:00	3617.41	3638.46	3612.30	3621.01	47611	0	5
2024.03.31	20:00:00	3620.40	3653.81	3618.67	3631.11	46368	0	5
2024.04.01	00:00:00	3626.89	3650.54	3615.97	3626.92	45120	0	5
2024.04.01	04:00:00	3627.09	3628.34	3598.47	3599.87	44944	0	5
2024.04.01	08:00:00	3599.87	3605.50	3501.40	3535.07	60091	0	5
2024.04.01	12:00:00	3535.31	3561.52	3530.74	3557.74	52885	0	5
2024.04.01	16:00:00	3557.65	3570.92	3432.74	3445.21	65828	0	5
2024.04.01	20:00:00	3445.21	3497.51	3414.90	3497.23	58646	0	3
2024.04.02	00:00:00	3481.69	3516.45	3472.36	3489.54	47311	0	5
2024.04.02	04:00:00	3489.54	3505.55	3319.93	3365.35	63696	0	5
2024.04.02	08:00:00	3365.35	3391.79	3328.51	3336.87	61319	0	5
2024.04.02	12:00:00	3337.41	3355.64	3278.28	3297.44	66921	0	3
2024.04.02	16:00:00	3297.23	3318.28	3211.04	3262.47	70522	0	1
2024.04.02	20:00:00	3261.94	3296.20	3244.82	3269.91	64313	0	5
2024.04.03	00:00:00	3266.40	3306.38	3201.47	3279.28	54114	0	5
2024.04.03	04:00:00	3279.50	3326.24	3256.78	3316.37	64588	0	5
2024.04.03	08:00:00	3316.40	3358.14	3280.59	3345.23	59140	0	4
2024.04.03	12:00:00	3345.19	3356.79	3291.98	3311.08	61939	0	5
2024.04.03	16:00:00	3311.02	3368.92	3293.35	3349.34	68107	0	5
2024.04.03	20:00:00	3349.36	3358.83	3282.39	3306.31	61829	0	5
2024.04.04	00:00:00	3293.00	3334.28	3289.20	3328.84	52695	0	5
2024.04.04	04:00:00	3329.46	3334.96	3250.90	3287.61	62239	0	5
2024.04.04	08:00:00	3287.61	3336.06	3280.91	3332.87	57635	0	5
2024.04.04	12:00:00	3332.57	3356.49	3328.77	3348.34	61090	0	5
2024.04.04	16:00:00	3348.21	3397.34	3347.75	3377.25	66202	0	5
2024.04.04	20:00:00	3377.71	3444.06	3279.47	3325.05	70519	0	5
2024.04.05	00:00:00	3320.00	3338.11	3300.00	3331.21	59019	0	5
2024.04.05	04:00:00	3330.87	3331.69	3253.92	3297.15	64602	0	5
2024.04.05	08:00:00	3297.15	3313.28	3243.54	3284.66	64518	0	5
2024.04.05	12:00:00	3284.66	3285.49	3209.65	3262.86	68311	0	5
2024.04.05	16:00:00	3262.88	3336.91	3235.25	3322.87	72455	0	5
2024.04.05	20:00:00	3323.17	3348.09	3306.86	3335.40	65826	0	5
2024.04.06	00:00:00	3332.45	3344.79	3310.86	3325.96	41433	0	5
2024.04.06	04:00:00	3326.06	3347.49	3307.68	3330.58	44167	0	5
2024.04.06	08:00:00	3330.63	3353.70	3327.67	3343.63	23054	0	5
2024.04.06	12:00:00	3338.97	3347.86	3322.28	3334.59	19880	0	5
2024.04.06	16:00:00	3334.37	3362.07	3314.37	3341.21	43874	0	5
2024.04.06	20:00:00	3341.51	3365.24	3334.13	3362.56	39302	0	5
2024.04.07	00:00:00	3362.01	3398.25	3350.75	3352.56	34378	0	5
2024.04.07	04:00:00	3384.76	3395.31	3375.98	3386.40	21882	0	5
2024.04.07	08:00:00	3386.40	3407.05	3382.26	3392.73	40289	0	5
2024.04.07	12:00:00	3392.73	3408.53	3377.68	3401.38	39894	0	5
2024.04.07	16:00:00	3401.35	3420.43	3386.15	3395.45	54611	0	1
2024.04.07	20:00:00	3395.45	3403.98	3369.28	3400.98	46017	0	5
2024.04.08	00:00:00	3396.65	3460.46	3392.28	3429.40	53182	0	5
2024.04.08	04:00:00	3429.01	3440.66	3407.01	3419.97	48661	0	5
2024.04.08	08:00:00	3419.86	3611.78	3419.83	3596.69	55437	0	2
2024.04.08	12:00:00	3596.69	3667.88	3585.30	3642.36	60815	0	5
2024.04.08	16:00:00	3642.49	3670.39	3612.79	3657.59	66599	0	5
2024.04.08	20:00:00	3657.59	3711.54	3640.30	3688.06	57555	0	5
2024.04.09	00:00:00	3686.76	3728.79	3681.75	3693.79	52517	0	5
2024.04.09	04:00:00	3693.72	3726.17	3665.00	3695.59	61550	0	5
2024.04.09	08:00:00	3695.80	3701.64	3580.56	3629.60	64684	0	5
2024.04.09	12:00:00	3629.89	3648.20	3613.73	3629.11	58780	0	5
2024.04.09	16:00:00	3629.11	3639.13	3478.50	3495.29	69165	0	5
2024.04.09	20:00:00	3495.82	3524.22	3450.57	3512.75	61906	0	5
2024.04.10	00:00:00	3505.60	3520.13	3484.39	3504.67	28573	0	5
2024.04.10	04:00:00	3504.90	3536.38	3465.62	3516.09	38820	0	5
2024.04.10	08:00:00	3516.09	3554.23	3499.64	3517.50	31323	0	5
2024.04.10	12:00:00	3517.03	3540.64	3410.16	3437.86	41695	0	5
2024.04.10	16:00:00	3437.70	3532.91	3413.42	3527.66	53359	0	5
2024.04.10	20:00:00	3527.66	3546.41	3478.01	3512.76	44466	0	5
2024.04.11	00:00:00	3505.37	3561.94	3494.30	3533.78	45311	0	5
2024.04.11	04:00:00	3533.89	3582.57	3524.64	3561.83	59123	0	5
2024.04.11	08:00:00	3561.83	3618.16	3555.87	3607.25	58785	0	5
2024.04.11	12:00:00	3607.49	3608.11	3514.15	3557.09	62377	0	5
2024.04.11	16:00:00	3557.03	3571.33	3471.75	3501.74	69749	0	5
2024.04.11	20:00:00	3501.75	3532.50	3494.13	3524.74	59119	0	5
2024.04.12	00:00:00	3515.45	3526.61	3490.56	3524.40	49571	0	5
2024.04.12	04:00:00	3524.08	3554.15	3501.93	3548.50	54039	0	5
2024.04.12	08:00:00	3548.55	3552.73	3507.60	3525.79	44466	0	5
2024.04.12	12:00:00	3526.12	3541.38	3486.54	3496.84	55747	0	5
2024.04.12	16:00:00	3496.74	3496.74	3405.89	3420.94	68185	0	5
2024.04.12	20:00:00	3421.57	3426.03	3077.73	3225.92	72155	0	5
2024.04.13	00:00:00	3215.07	3246.99	3208.53	3235.08	38415	0	5
2024.04.13	04:00:00	3234.97	3264.99	3142.45	3255.94	60694	0	5
2024.04.13	08:00:00	3255.55	3267.98	3246.55	3266.12	26341	0	5
2024.04.13	12:00:00	3276.07	3300.99	3258.05	3277.96	26639	0	5
2024.04.13	16:00:00	3277.98	3297.57	3231.00	3246.58	57032	0	5
2024.04.13	20:00:00	3246.84	3248.16	2806.41	2910.68	66224	0	2
2024.04.14	00:00:00	2932.74	3065.37	2860.14	2969.26	59786	0	5
2024.04.14	04:00:00	2969.46	3050.76	2913.01	3043.91	66875	0	5
2024.04.14	08:00:00	3043.31	3103.89	3037.58	3070.15	61142	0	5
2024.04.14	12:00:00	3070.05	3078.43	3009.52	3045.42	60674	0	5
2024.04.14	16:00:00	3045.50	3101.39	3008.09	3082.14	57846	0	5
2024.04.14	20:00:00	3081.91	3095.81	2979.98	3066.40	31615	0	5
2024.04.15	00:00:00	3063.79	3176.13	3047.90	3115.57	35514	0	5
2024.04.15	04:00:00	3115.37	3159.32	3102.69	3140.24	29440	0	5
2024.04.15	08:00:00	3140.25	3267.38	3134.92	3252.69	32995	0	2
2024.04.15	12:00:00	3252.70	3280.86	3228.04	3233.47	30359	0	5
2024.04.15	16:00:00	3233.48	3240.68	3103.11	3138.17	52805	0	5
2024.04.15	20:00:00	3138.17	3173.58	3023.21	3081.94	51647	0	5
2024.04.16	00:00:00	3088.60	3129.47	3057.25	3083.17	29815	0	5
2024.04.16	04:00:00	3083.33	3122.33	2989.39	3027.96	42535	0	5
2024.04.16	08:00:00	3027.95	3128.15	3018.94	3086.03	34434	0	5
2024.04.16	12:00:00	3086.03	3104.25	3001.24	3075.72	44045	0	5
2024.04.16	16:00:00	3075.73	3096.42	2996.43	3058.49	56156	0	5
2024.04.16	20:00:00	3058.49	3085.50	3031.84	3070.86	42218	0	1
2024.04.17	00:00:00	3063.48	3119.11	3063.48	3096.46	22948	0	5
2024.04.17	04:00:00	3096.48	3123.90	3068.34	3112.87	27071	0	5
2024.04.17	08:00:00	3112.87	3120.18	3065.13	3074.71	29281	0	2
2024.04.17	12:00:00	3074.68	3088.83	3016.07	3032.27	29645	0	5
2024.04.17	16:00:00	3032.27	3064.12	2913.85	2950.88	60943	0	5
2024.04.17	20:00:00	2951.07	3043.09	2946.32	2971.65	44540	0	5
2024.04.18	00:00:00	2969.20	3014.02	2952.73	2992.58	33264	0	5
2024.04.18	04:00:00	2992.58	3034.80	2986.95	3013.64	41167	0	5
2024.04.18	08:00:00	3013.64	3021.87	2954.58	2984.77	42716	0	5
2024.04.18	12:00:00	2984.82	3065.84	2982.07	3026.00	58112	0	0
2024.04.18	16:00:00	3026.13	3095.97	3010.02	3062.79	67771	0	0
2024.04.18	20:00:00	3062.28	3075.48	3018.44	3068.68	41889	0	5
2024.04.19	00:00:00	3055.80	3080.02	3041.59	3042.59	25125	0	5
2024.04.19	04:00:00	3042.69	3046.23	2864.05	3005.84	61441	0	5
2024.04.19	08:00:00	3005.84	3127.81	2983.03	3112.47	63258	0	0
2024.04.19	12:00:00	3112.43	3122.85	3083.01	3101.55	57849	0	0
2024.04.19	16:00:00	3101.61	3109.65	3044.80	3066.47	66710	0	0
2024.04.19	20:00:00	3066.23	3107.41	3058.85	3078.65	40986	0	5
2024.04.20	00:00:00	3071.07	3106.23	3020.10	3031.06	52132	0	5
2024.04.20	04:00:00	3031.30	3069.01	3019.00	3065.16	54760	0	5
2024.04.20	08:00:00	3065.04	3072.01	3055.15	3066.19	23260	0	5
2024.04.20	12:00:00	3039.75	3069.33	3037.65	3060.12	25565	0	5
2024.04.20	16:00:00	3060.42	3117.52	3054.30	3100.69	53557	0	5
2024.04.20	20:00:00	3100.69	3171.08	3100.24	3156.91	57983	0	4
2024.04.21	00:00:00	3146.14	3164.08	3127.97	3137.55	45678	0	5
2024.04.21	04:00:00	3137.14	3197.69	3136.10	3176.83	54591	0	5
2024.04.21	08:00:00	3176.70	3192.97	3165.08	3171.28	48369	0	5
2024.04.21	12:00:00	3170.83	3184.27	3153.42	3158.69	47734	0	5
2024.04.21	16:00:00	3158.69	3171.13	3116.37	3138.53	56554	0	5
2024.04.21	20:00:00	3138.49	3156.32	3130.18	3149.40	43942	0	5
2024.04.22	00:00:00	3145.79	3169.25	3139.41	3152.40	48280	0	5
2024.04.22	04:00:00	3152.43	3210.29	3128.98	3195.30	63629	0	5
2024.04.22	08:00:00	3195.16	3238.41	3194.83	3206.58	74092	0	0
2024.04.22	12:00:00	3206.81	3225.92	3186.70	3206.15	68997	0	0
2024.04.22	16:00:00	3206.05	3213.65	3168.29	3185.83	77630	0	0
2024.04.22	20:00:00	3185.83	3217.83	3176.13	3191.10	56221	0	5
2024.04.23	00:00:00	3173.72	3225.19	3173.72	3219.45	48043	0	5
2024.04.23	04:00:00	3219.45	3224.02	3170.95	3177.67	48722	0	5
2024.04.23	08:00:00	3178.00	3193.32	3153.16	3169.66	64572	0	0
2024.04.23	12:00:00	3169.80	3190.85	3163.11	3187.56	69186	0	0
2024.04.23	16:00:00	3187.57	3265.87	3175.37	3234.02	81156	0	0
2024.04.23	20:00:00	3234.12	3247.57	3185.75	3209.00	56068	0	5
2024.04.24	00:00:00	3195.58	3234.41	3193.21	3230.14	45584	0	5
2024.04.24	04:00:00	3230.14	3275.51	3216.52	3272.05	52976	0	5
2024.04.24	08:00:00	3272.05	3276.26	3244.93	3252.44	62340	0	0
2024.04.24	12:00:00	3252.49	3293.50	3242.05	3273.55	71250	0	0
2024.04.24	16:00:00	3273.55	3274.12	3155.53	3172.06	77677	0	0
2024.04.24	20:00:00	3172.04	3192.23	3101.72	3129.59	57793	0	5
2024.04.25	00:00:00	3127.65	3160.25	3109.51	3156.38	42296	0	5
2024.04.25	04:00:00	3156.15	3171.60	3125.20	3156.03	57113	0	5
2024.04.25	08:00:00	3156.03	3167.73	3123.50	3138.61	66735	0	0
2024.04.25	12:00:00	3138.43	3152.36	3070.74	3107.47	75344	0	0
2024.04.25	16:00:00	3107.47	3166.31	3080.86	3156.06	78304	0	0
2024.04.25	20:00:00	3155.82	3178.37	3144.60	3174.24	55750	0	5
2024.04.26	00:00:00	3165.01	3191.36	3133.57	3146.54	45778	0	5
2024.04.26	04:00:00	3146.00	3164.39	3123.80	3132.73	55247	0	5
2024.04.26	08:00:00	3132.73	3154.02	3127.13	3143.22	61566	0	0
2024.04.26	12:00:00	3142.77	3157.90	3118.82	3130.32	67301	0	0
2024.04.26	16:00:00	3129.97	3166.49	3100.54	3120.83	80084	0	0
2024.04.26	20:00:00	3120.77	3154.12	3116.92	3142.71	48246	0	5
2024.04.27	00:00:00	3145.91	3149.95	3083.44	3107.78	31712	0	5
2024.04.27	04:00:00	3107.78	3130.11	3066.42	3124.54	51318	0	5
2024.04.27	08:00:00	3124.23	3129.73	3107.53	3122.07	20102	0	5
2024.04.27	12:00:00	3112.76	3140.57	3106.44	3136.25	21804	0	5
2024.04.27	16:00:00	3135.66	3164.81	3130.61	3151.20	47223	0	5
2024.04.27	20:00:00	3150.81	3281.99	3150.63	3235.35	52271	0	5
2024.04.28	00:00:00	3229.36	3261.91	3226.81	3252.70	37075	0	5
2024.04.28	04:00:00	3252.70	3327.60	3251.16	3299.86	48553	0	2
2024.04.28	08:00:00	3299.56	3335.18	3298.63	3309.37	43684	0	5
2024.04.28	12:00:00	3309.36	3316.88	3273.20	3287.35	42381	0	5
2024.04.28	16:00:00	3287.19	3330.12	3283.46	3319.38	48472	0	5
2024.04.28	20:00:00	3319.43	3355.04	3307.81	3310.01	37814	0	5
2024.04.29	00:00:00	3304.07	3312.02	3252.24	3281.54	42486	0	5
2024.04.29	04:00:00	3281.31	3286.54	3168.50	3201.63	51886	0	5
2024.04.29	08:00:00	3201.18	3206.62	3150.44	3171.48	58060	0	0
2024.04.29	12:00:00	3171.84	3194.32	3130.73	3169.81	61820	0	0
2024.04.29	16:00:00	3169.81	3189.70	3115.59	3158.10	63458	0	0
2024.04.29	20:00:00	3158.10	3192.48	3157.33	3173.64	47355	0	5
2024.04.30	00:00:00	3171.59	3249.92	3162.90	3243.27	51907	0	5
2024.04.30	04:00:00	3243.23	3244.40	3147.12	3169.15	55961	0	5
2024.04.30	08:00:00	3169.15	3176.45	3052.52	3064.85	65962	0	0
2024.04.30	12:00:00	3065.15	3072.63	2964.49	3008.94	78434	0	0
2024.04.30	16:00:00	3008.83	3034.66	2934.25	2984.53	79792	0	0
2024.04.30	20:00:00	2984.53	2995.50	2916.14	2962.17	64088	0	5
2024.05.01	00:00:00	2966.52	3026.59	2964.14	2996.72	57166	0	5
2024.05.01	04:00:00	2996.23	3011.70	2956.18	3002.53	57419	0	5
2024.05.01	08:00:00	3003.09	3006.88	2812.61	2856.64	54948	0	0
2024.05.01	12:00:00	2856.64	2929.65	2851.37	2914.15	41866	0	0
2024.05.01	16:00:00	2914.05	2918.62	2863.10	2887.67	42647	0	0
2024.05.01	20:00:00	2887.33	3011.76	2865.00	2937.35	42327	0	5
2024.05.02	00:00:00	2935.57	2981.09	2931.97	2945.27	29678	0	5
2024.05.02	04:00:00	2945.26	2954.09	2890.13	2918.02	31157	0	5
2024.05.02	08:00:00	2917.45	2943.88	2894.84	2940.45	31905	0	0
2024.05.02	12:00:00	2940.33	3011.47	2932.62	2981.06	34714	0	0
2024.05.02	16:00:00	2980.65	3001.51	2951.44	2981.75	38435	0	0
2024.05.02	20:00:00	2981.67	3006.84	2969.57	2985.01	33377	0	5
2024.05.03	00:00:00	2987.07	3011.85	2976.60	2982.97	19201	0	5
2024.05.03	04:00:00	2982.93	3036.10	2980.21	3003.14	26678	0	5
2024.05.03	08:00:00	3002.93	3004.75	2958.33	2972.72	27970	0	0
2024.05.03	12:00:00	2972.84	3043.45	2958.37	3034.25	32176	0	0
2024.05.03	16:00:00	3034.04	3087.97	3029.30	3068.28	38902	0	0
2024.05.03	20:00:00	3068.30	3128.02	3062.42	3113.70	27626	0	5
2024.05.04	00:00:00	3108.89	3128.24	3094.80	3118.92	30881	0	5
2024.05.04	04:00:00	3118.71	3132.69	3094.17	3118.38	32426	0	5
2024.05.04	08:00:00	3118.71	3124.63	3105.15	3107.56	16139	0	5
2024.05.04	12:00:00	3166.45	3169.24	3121.35	3152.63	19217	0	5
2024.05.04	16:00:00	3151.98	3161.02	3115.94	3129.55	34655	0	5
2024.05.04	20:00:00	3129.32	3148.33	3114.75	3128.03	30916	0	5
2024.05.05	00:00:00	3122.66	3131.66	3085.07	3108.90	28306	0	5
2024.05.05	04:00:00	3109.03	3115.30	3073.28	3088.74	33447	0	5
2024.05.05	08:00:00	3089.02	3171.47	3080.82	3155.98	32302	0	5
2024.05.05	12:00:00	3156.21	3157.62	3128.55	3139.19	31175	0	5
2024.05.05	16:00:00	3139.23	3169.14	3126.63	3149.36	36234	0	5
2024.05.05	20:00:00	3149.42	3161.23	3131.40	3136.00	27471	0	5
2024.05.06	00:00:00	3121.28	3158.09	3121.28	3147.94	15534	0	5
2024.05.06	04:00:00	3147.94	3165.86	3124.19	3147.47	17545	0	5
2024.05.06	08:00:00	3147.52	3221.68	3141.51	3197.53	24661	0	0
2024.05.06	12:00:00	3197.53	3207.42	3085.59	3103.93	27258	0	0
2024.05.06	16:00:00	3103.75	3124.95	3055.65	3072.03	29022	0	0
2024.05.06	20:00:00	3071.82	3088.89	3044.59	3075.13	22004	0	5
2024.05.07	00:00:00	3077.13	3088.27	3048.59	3072.20	26993	0	5
2024.05.07	04:00:00	3071.76	3096.68	3022.96	3065.32	34370	0	5
2024.05.07	08:00:00	3065.66	3124.85	3055.54	3119.51	36898	0	0
2024.05.07	12:00:00	3119.53	3129.76	3059.68	3076.42	37502	0	0
2024.05.07	16:00:00	3076.63	3105.09	3045.02	3071.19	38572	0	0
2024.05.07	20:00:00	3070.84	3071.91	3026.48	3047.48	33995	0	5
2024.05.08	00:00:00	3039.44	3060.01	2994.18	3019.59	30790	0	5
2024.05.08	04:00:00	3019.51	3037.99	2999.77	3012.25	26753	0	5
2024.05.08	08:00:00	3012.37	3030.28	2982.77	3001.02	33400	0	0
2024.05.08	12:00:00	3000.64	3011.85	2977.15	3001.85	33547	0	0
2024.05.08	16:00:00	3002.19	3031.61	2985.60	3015.57	37741	0	0
2024.05.08	20:00:00	3015.16	3023.47	2935.56	2950.50	30558	0	1
2024.05.09	00:00:00	2940.55	2989.32	2940.55	2986.18	33760	0	5
2024.05.09	04:00:00	2986.19	3003.76	2985.53	2992.25	34434	0	5
2024.05.09	08:00:00	2991.92	3013.83	2973.26	2983.44	37781	0	0
2024.05.09	12:00:00	2983.32	2996.87	2948.91	2987.42	40786	0	0
2024.05.09	16:00:00	2987.40	3025.36	2954.16	2993.43	42693	0	0
2024.05.09	20:00:00	2993.43	3028.91	2988.17	3021.04	36874	0	5
2024.05.10	00:00:00	3022.75	3058.51	3014.87	3026.24	34353	0	5
2024.05.10	04:00:00	3026.01	3043.03	3017.89	3031.79	34028	0	4
2024.05.10	08:00:00	3031.84	3053.73	3021.12	3037.53	37406	0	0
2024.05.10	12:00:00	3037.37	3044.13	3022.40	3028.54	35628	0	0
2024.05.10	16:00:00	3028.56	3031.71	2886.93	2920.22	42274	0	0
2024.05.10	20:00:00	2919.50	2920.90	2878.12	2891.68	39404	0	1
2024.05.11	00:00:00	2888.85	2919.30	2882.52	2914.00	15403	0	5
2024.05.11	04:00:00	2913.66	2935.75	2903.48	2912.30	22400	0	5
2024.05.11	08:00:00	2912.72	2927.87	2911.21	2921.14	8134	0	5
2024.05.11	12:00:00	2907.85	2909.76	2885.32	2900.11	11045	0	5
2024.05.11	16:00:00	2900.12	2944.20	2894.36	2923.51	25876	0	5
2024.05.11	20:00:00	2923.98	2939.59	2911.69	2922.23	18672	0	5
2024.05.12	00:00:00	2915.58	2924.69	2905.64	2920.15	14445	0	5
2024.05.12	04:00:00	2919.89	2932.19	2908.42	2927.91	14854	0	5
2024.05.12	08:00:00	2928.26	2928.91	2900.75	2915.83	17291	0	5
2024.05.12	12:00:00	2915.91	2943.79	2908.83	2929.54	18720	0	5
2024.05.12	16:00:00	2929.51	2954.93	2925.92	2929.62	21480	0	5
2024.05.12	20:00:00	2929.62	2943.11	2919.84	2920.10	15566	0	5
2024.05.13	00:00:00	2909.54	2942.32	2909.02	2931.16	26545	0	5
2024.05.13	04:00:00	2931.05	2934.26	2863.69	2884.95	38735	0	5
2024.05.13	08:00:00	2884.75	2986.40	2869.34	2972.23	39973	0	0
2024.05.13	12:00:00	2972.21	2994.98	2947.40	2964.38	40165	0	0
2024.05.13	16:00:00	2964.67	2985.00	2948.53	2975.33	41709	0	0
2024.05.13	20:00:00	2974.96	2976.98	2927.39	2953.85	37107	0	5
2024.05.14	00:00:00	2949.02	2957.74	2935.73	2945.02	30831	0	5
2024.05.14	04:00:00	2945.05	2959.98	2930.08	2935.45	35963	0	5
2024.05.14	08:00:00	2935.59	2947.86	2881.07	2912.93	37617	0	0
2024.05.14	12:00:00	2912.89	2919.09	2888.16	2892.68	37139	0	0
2024.05.14	16:00:00	2892.72	2921.89	2868.46	2891.08	42363	0	0
2024.05.14	20:00:00	2891.17	2899.53	2860.24	2890.74	35835	0	5
2024.05.15	00:00:00	2880.73	2900.70	2862.34	2868.51	22126	0	5
2024.05.15	04:00:00	2868.58	2904.21	2867.35	2902.80	22789	0	5
2024.05.15	08:00:00	2903.01	2920.94	2899.43	2904.65	24308	0	0
2024.05.15	12:00:00	2904.52	2957.37	2886.35	2946.86	34326	0	0
2024.05.15	16:00:00	2946.74	2993.29	2934.58	2974.51	38868	0	0
2024.05.15	20:00:00	2974.72	3031.14	2973.08	3023.09	34301	0	5
2024.05.16	00:00:00	3009.85	3041.74	3009.85	3021.64	27547	0	5
2024.05.16	04:00:00	3020.87	3024.69	2995.51	3008.70	22703	0	5
2024.05.16	08:00:00	3008.71	3028.08	3004.43	3009.14	21529	0	0
2024.05.16	12:00:00	3009.22	3010.19	2975.24	2981.08	28757	0	0
2024.05.16	16:00:00	2981.36	2988.40	2932.11	2946.28	36813	0	0
2024.05.16	20:00:00	2946.29	2956.33	2924.26	2937.15	28732	0	5
2024.05.17	00:00:00	2931.25	2953.68	2922.80	2952.75	29208	0	5
2024.05.17	04:00:00	2952.79	2957.33	2933.01	2946.09	34001	0	5
2024.05.17	08:00:00	2946.04	3058.68	2940.10	3028.26	37921	0	0
2024.05.17	12:00:00	3028.16	3084.49	3018.23	3080.48	35989	0	0
2024.05.17	16:00:00	3080.72	3121.55	3053.06	3097.65	41708	0	0
2024.05.17	20:00:00	3097.65	3104.74	3068.19	3090.01	33797	0	5
2024.05.18	00:00:00	3075.06	3100.04	3075.06	3097.21	25532	0	5
2024.05.18	04:00:00	3097.21	3126.84	3084.62	3103.02	30307	0	5
2024.05.18	08:00:00	3102.79	3104.03	3092.02	3100.05	14106	0	5
2024.05.18	12:00:00	3138.47	3147.61	3117.36	3118.99	16262	0	5
2024.05.18	16:00:00	3118.98	3123.46	3097.13	3111.83	34564	0	5
2024.05.18	20:00:00	3112.12	3128.12	3110.05	3118.87	23288	0	5
2024.05.19	00:00:00	3107.61	3127.73	3107.23	3114.61	22758	0	5
2024.05.19	04:00:00	3114.84	3138.23	3114.54	3123.96	27627	0	5
2024.05.19	08:00:00	3124.29	3125.76	3104.13	3108.36	28753	0	5
2024.05.19	12:00:00	3108.55	3125.24	3074.88	3078.52	35154	0	5
2024.05.19	16:00:00	3078.76	3092.13	3058.30	3063.28	35821	0	5
2024.05.19	20:00:00	3063.60	3083.65	3059.43	3075.17	30505	0	5
2024.05.20	00:00:00	3071.77	3084.68	3053.31	3079.73	27410	0	5
2024.05.20	04:00:00	3080.02	3126.59	3048.94	3124.35	35855	0	5
2024.05.20	08:00:00	3122.78	3140.22	3066.50	3098.69	37619	0	0
2024.05.20	12:00:00	3098.41	3115.24	3077.17	3085.22	35904	0	0
2024.05.20	16:00:00	3085.57	3148.20	3076.33	3136.11	39097	0	0
2024.05.20	20:00:00	3135.79	3579.80	3126.56	3500.06	40324	0	5
2024.05.21	00:00:00	3494.62	3720.88	3486.87	3688.68	26997	0	5
2024.05.21	04:00:00	3688.86	3708.70	3641.14	3659.16	38809	0	5
2024.05.21	08:00:00	3659.39	3687.36	3626.76	3657.95	37932	0	0
2024.05.21	12:00:00	3657.89	3821.16	3657.18	3793.59	40236	0	0
2024.05.21	16:00:00	3793.28	3839.94	3758.89	3773.29	41733	0	0
2024.05.21	20:00:00	3772.62	3778.00	3678.74	3747.13	38338	0	5
2024.05.22	00:00:00	3734.84	3820.99	3734.84	3781.17	23938	0	5
2024.05.22	04:00:00	3781.19	3812.97	3722.11	3750.38	27377	0	5
2024.05.22	08:00:00	3750.76	3779.61	3734.93	3767.54	25130	0	0
2024.05.22	12:00:00	3767.81	3769.10	3652.40	3666.61	28393	0	0
2024.05.22	16:00:00	3666.61	3779.71	3666.51	3761.53	32814	0	0
2024.05.22	20:00:00	3761.53	3795.78	3698.95	3748.64	26547	0	5
2024.05.23	00:00:00	3734.33	3779.58	3724.70	3759.55	17595	0	5
2024.05.23	04:00:00	3759.55	3793.87	3734.85	3789.26	21125	0	5
2024.05.23	08:00:00	3789.26	3833.78	3758.38	3811.41	24583	0	0
2024.05.23	12:00:00	3811.61	3947.29	3782.54	3864.51	27446	0	0
2024.05.23	16:00:00	3864.70	3897.51	3727.53	3795.82	32012	0	0
2024.05.23	20:00:00	3795.53	3825.64	3518.77	3752.91	30373	0	5
2024.05.24	00:00:00	3788.64	3899.24	3725.89	3813.05	31193	0	5
2024.05.24	04:00:00	3812.13	3827.33	3792.52	3801.66	29115	0	5
2024.05.24	08:00:00	3801.66	3810.73	3627.24	3672.04	39565	0	0
2024.05.24	12:00:00	3672.42	3722.43	3643.20	3712.64	34544	0	0
2024.05.24	16:00:00	3712.69	3730.18	3652.73	3663.50	38135	0	0
2024.05.24	20:00:00	3663.88	3755.73	3661.95	3729.67	31828	0	5
2024.05.25	00:00:00	3714.79	3742.25	3707.65	3711.44	20790	0	5
2024.05.25	04:00:00	3711.05	3777.44	3709.35	3767.13	32403	0	5
2024.05.25	08:00:00	3766.82	3770.22	3742.50	3746.68	15443	0	5
2024.05.25	12:00:00	3767.09	3776.10	3720.46	3736.94	17309	0	5
2024.05.25	16:00:00	3736.98	3758.50	3724.71	3748.87	32392	0	5
2024.05.25	20:00:00	3748.91	3765.86	3735.78	3743.66	27537	0	5
2024.05.26	00:00:00	3731.41	3752.23	3730.10	3744.78	24099	0	5
2024.05.26	04:00:00	3744.80	3771.12	3730.50	3747.52	28862	0	5
2024.05.26	08:00:00	3747.95	3811.47	3739.51	3792.95	30052	0	5
2024.05.26	12:00:00	3792.97	3821.24	3786.98	3803.30	32490	0	5
2024.05.26	16:00:00	3803.36	3882.34	3791.08	3861.50	34902	0	5
2024.05.26	20:00:00	3860.90	3877.94	3829.91	3858.74	29326	0	5
2024.05.27	00:00:00	3842.47	3855.60	3815.77	3840.90	18650	0	5
2024.05.27	04:00:00	3840.96	3937.13	3834.85	3917.34	22785	0	5
2024.05.27	08:00:00	3917.13	3951.18	3887.51	3908.90	21709	0	0
2024.05.27	12:00:00	3908.39	3922.10	3882.98	3910.53	19065	0	0
2024.05.27	16:00:00	3910.84	3974.22	3906.23	3942.30	28178	0	0
2024.05.27	20:00:00	3942.30	3947.39	3849.68	3888.23	20136	0	5
2024.05.28	00:00:00	3877.67	3902.01	3859.82	3874.38	15002	0	5
2024.05.28	04:00:00	3874.39	3906.77	3818.47	3833.41	25972	0	5
2024.05.28	08:00:00	3833.66	3876.61	3827.58	3872.56	20736	0	0
2024.05.28	12:00:00	3871.90	3926.29	3864.09	3888.70	22395	0	0
2024.05.28	16:00:00	3888.71	3908.93	3815.17	3821.56	29742	0	0
2024.05.28	20:00:00	3821.73	3846.55	3768.65	3828.47	22632	0	5
2024.05.29	00:00:00	3815.93	3867.57	3813.17	3843.81	27381	0	5
2024.05.29	04:00:00	3844.43	3881.98	3830.06	3867.40	34720	0	5
2024.05.29	08:00:00	3867.09	3877.41	3777.39	3796.93	35811	0	0
2024.05.29	12:00:00	3796.78	3826.08	3787.83	3813.07	36991	0	0
2024.05.29	16:00:00	3813.04	3837.21	3740.80	3760.51	40572	0	0
2024.05.29	20:00:00	3760.19	3776.55	3740.18	3748.26	34616	0	5
2024.05.30	00:00:00	3745.92	3788.87	3743.63	3753.66	28986	0	5
2024.05.30	04:00:00	3753.59	3798.24	3746.25	3778.88	32081	0	5
2024.05.30	08:00:00	3778.37	3783.67	3699.43	3732.68	36530	0	0
2024.05.30	12:00:00	3733.08	3770.17	3712.96	3764.36	36936	0	0
2024.05.30	16:00:00	3764.22	3798.37	3754.90	3787.33	37672	0	0
2024.05.30	20:00:00	3787.38	3825.14	3718.32	3737.38	36486	0	5
2024.05.31	00:00:00	3735.70	3755.20	3732.66	3751.32	25418	0	5
2024.05.31	04:00:00	3751.67	3769.65	3739.21	3761.24	24920	0	5
2024.05.31	08:00:00	3760.96	3762.12	3721.34	3733.99	32086	0	0
2024.05.31	12:00:00	3734.10	3844.76	3728.23	3822.92	37524	0	0
2024.05.31	16:00:00	3822.32	3831.54	3718.80	3751.03	40427	0	0
2024.05.31	20:00:00	3751.09	3797.36	3747.00	3790.64	34526	0	5
2024.06.01	00:00:00	3776.93	3791.30	3737.72	3759.90	20180	0	5
2024.06.01	04:00:00	3760.68	3782.68	3754.73	3781.71	15556	0	5
2024.06.01	08:00:00	3781.52	3792.39	3775.03	3786.98	7417	0	5
2024.06.01	12:00:00	3784.37	3803.82	3779.79	3792.14	6186	0	5
2024.06.01	16:00:00	3791.85	3810.39	3791.30	3796.94	15287	0	5
2024.06.01	20:00:00	3796.64	3807.55	3787.99	3803.50	10533	0	5
2024.06.02	00:00:00	3790.50	3833.18	3790.50	3831.79	13759	0	5
2024.06.02	04:00:00	3832.17	3835.52	3794.19	3816.05	16539	0	5
2024.06.02	08:00:00	3816.38	3819.84	3779.88	3791.07	14125	0	5
2024.06.02	12:00:00	3791.29	3808.02	3767.73	3783.94	19179	0	5
2024.06.02	16:00:00	3783.64	3807.20	3773.35	3789.35	17437	0	5
2024.06.02	20:00:00	3789.47	3789.95	3749.31	3785.00	18987	0	5
2024.06.03	00:00:00	3771.89	3794.90	3758.29	3771.30	27505	0	5
2024.06.03	04:00:00	3771.58	3820.94	3769.04	3815.93	35428	0	5
2024.06.03	08:00:00	3815.56	3840.88	3808.34	3823.41	37578	0	0
2024.06.03	12:00:00	3822.71	3841.66	3802.63	3840.19	35826	0	0
2024.06.03	16:00:00	3840.84	3850.74	3757.77	3768.21	39047	0	0
2024.06.03	20:00:00	3767.60	3788.07	3757.08	3769.62	33966	0	5
2024.06.04	00:00:00	3769.89	3781.08	3730.46	3758.71	30989	0	5
2024.06.04	04:00:00	3758.35	3784.60	3750.22	3763.55	31735	0	5
2024.06.04	08:00:00	3763.53	3782.04	3751.64	3760.27	32710	0	0
2024.06.04	12:00:00	3760.17	3768.86	3740.14	3762.62	35897	0	0
2024.06.04	16:00:00	3762.83	3827.65	3762.58	3819.39	39934	0	0
2024.06.04	20:00:00	3819.27	3831.90	3775.83	3806.34	35706	0	5
2024.06.05	00:00:00	3806.65	3829.56	3802.37	3820.28	23041	0	5
2024.06.05	04:00:00	3820.50	3840.50	3799.73	3809.62	27591	0	5
2024.06.05	08:00:00	3809.62	3821.01	3777.37	3802.08	27762	0	0
2024.06.05	12:00:00	3802.22	3824.86	3788.36	3820.43	27133	0	0
2024.06.05	16:00:00	3820.11	3822.06	3781.43	3801.49	33624	0	0
2024.06.05	20:00:00	3801.42	3888.37	3798.86	3863.87	30073	0	1
2024.06.06	00:00:00	3860.64	3870.75	3841.76	3860.09	25972	0	5
2024.06.06	04:00:00	3859.89	3880.10	3853.39	3863.30	29902	0	5
2024.06.06	08:00:00	3863.30	3866.47	3840.32	3846.60	30915	0	0
2024.06.06	12:00:00	3846.78	3867.15	3840.54	3845.52	32084	0	0
2024.06.06	16:00:00	3845.23	3855.03	3821.39	3829.46	38659	0	0
2024.06.06	20:00:00	3829.58	3839.44	3756.59	3799.47	33914	0	5
2024.06.07	00:00:00	3786.21	3814.90	3783.08	3808.00	25135	0	5
2024.06.07	04:00:00	3808.00	3818.81	3791.24	3814.76	27811	0	5
2024.06.07	08:00:00	3814.78	3825.51	3807.18	3811.12	26181	0	0
2024.06.07	12:00:00	3811.60	3841.62	3768.14	3805.24	30924	0	0
2024.06.07	16:00:00	3805.90	3827.80	3775.23	3781.86	37581	0	0
2024.06.07	20:00:00	3781.88	3781.96	3569.35	3688.86	29870	0	5
2024.06.08	00:00:00	3681.01	3697.10	3670.90	3683.31	18437	0	5
2024.06.08	04:00:00	3683.51	3691.22	3676.43	3679.88	21025	0	5
2024.06.08	08:00:00	3679.62	3686.38	3674.70	3683.91	10253	0	5
2024.06.08	12:00:00	3693.53	3696.58	3675.59	3681.03	13814	0	5
2024.06.08	16:00:00	3681.57	3696.73	3659.74	3681.63	26498	0	5
2024.06.08	20:00:00	3681.68	3694.47	3668.95	3672.82	20907	0	5
2024.06.09	00:00:00	3661.75	3683.64	3661.75	3680.65	14599	0	5
2024.06.09	04:00:00	3680.65	3684.32	3665.95	3675.77	21232	0	5
2024.06.09	08:00:00	3676.00	3691.29	3670.60	3685.71	18527	0	5
2024.06.09	12:00:00	3685.51	3713.12	3684.28	3703.91	16711	0	5
2024.06.09	16:00:00	3703.91	3708.85	3679.88	3698.40	24821	0	5
2024.06.09	20:00:00	3698.10	3709.17	3692.25	3699.22	18823	0	5
2024.06.10	00:00:00	3687.18	3720.95	3686.76	3693.53	13340	0	5
2024.06.10	04:00:00	3693.31	3696.88	3678.00	3689.05	23635	0	5
2024.06.10	08:00:00	3688.92	3689.32	3642.19	3669.31	31194	0	0
2024.06.10	12:00:00	3669.51	3681.56	3656.40	3674.36	31195	0	0
2024.06.10	16:00:00	3674.62	3713.36	3661.66	3697.53	36292	0	0
2024.06.10	20:00:00	3697.71	3700.30	3648.78	3668.91	34024	0	5
2024.06.11	00:00:00	3671.83	3676.26	3654.07	3660.74	23342	0	5
2024.06.11	04:00:00	3660.86	3668.83	3531.35	3562.86	34541	0	5
2024.06.11	08:00:00	3563.06	3567.53	3500.23	3532.41	37749	0	0
2024.06.11	12:00:00	3532.68	3547.22	3502.93	3532.04	36532	0	0
2024.06.11	16:00:00	3532.08	3543.17	3429.84	3450.37	38447	0	0
2024.06.11	20:00:00	3450.14	3501.92	3428.58	3486.83	34746	0	5
2024.06.12	00:00:00	3480.64	3508.96	3479.74	3492.30	22842	0	5
2024.06.12	04:00:00	3492.17	3531.52	3460.69	3520.95	30550	0	5
2024.06.12	08:00:00	3520.40	3531.37	3505.91	3520.17	25851	0	0
2024.06.12	12:00:00	3520.36	3642.38	3516.10	3637.96	30948	0	0
2024.06.12	16:00:00	3637.84	3656.38	3590.02	3616.45	37033	0	0
2024.06.12	20:00:00	3616.45	3624.58	3512.12	3553.00	36306	0	5
2024.06.13	00:00:00	3557.12	3572.96	3543.27	3556.77	19585	0	5
2024.06.13	04:00:00	3556.91	3559.83	3475.11	3494.23	30637	0	5
2024.06.13	08:00:00	3494.24	3515.03	3484.10	3503.52	27050	0	0
2024.06.13	12:00:00	3503.63	3529.42	3471.83	3494.10	31894	0	0
2024.06.13	16:00:00	3494.05	3527.01	3425.75	3469.73	39907	0	0
2024.06.13	20:00:00	3469.40	3489.91	3448.10	3476.56	28780	0	5
2024.06.14	00:00:00	3463.20	3484.87	3459.18	3471.69	21583	0	5
2024.06.14	04:00:00	3471.72	3508.25	3455.44	3495.63	26822	0	5
2024.06.14	08:00:00	3495.64	3530.52	3494.54	3519.21	29011	0	0
2024.06.14	12:00:00	3519.52	3523.79	3501.83	3510.85	26412	0	0
2024.06.14	16:00:00	3510.55	3519.08	3387.96	3400.40	37338	0	0
2024.06.14	20:00:00	3399.70	3425.00	3358.28	3411.83	33362	0	5
2024.06.15	00:00:00	3409.70	3526.52	3407.86	3491.11	22421	0	5
2024.06.15	04:00:00	3490.80	3513.96	3471.09	3507.55	15698	0	5
2024.06.15	08:00:00	3507.60	3556.66	3505.77	3537.48	10259	0	5
2024.06.15	12:00:00	3537.72	3564.54	3530.12	3562.38	7793	0	5
2024.06.15	16:00:00	3562.62	3592.07	3546.90	3555.93	21547	0	5
2024.06.15	20:00:00	3556.04	3573.85	3533.57	3551.60	16176	0	5
2024.06.16	00:00:00	3551.02	3574.34	3551.02	3556.82	9844	0	5
2024.06.16	04:00:00	3556.58	3572.09	3538.91	3552.12	13638	0	5
2024.06.16	08:00:00	3552.02	3573.21	3545.00	3551.75	12002	0	5
2024.06.16	12:00:00	3551.86	3568.21	3544.66	3563.07	13975	0	5
2024.06.16	16:00:00	3562.62	3609.99	3561.38	3593.28	20500	0	5
2024.06.16	20:00:00	3593.28	3607.08	3584.55	3599.28	13022	0	5
2024.06.17	00:00:00	3591.04	3650.70	3585.25	3616.45	26771	0	5
2024.06.17	04:00:00	3616.41	3626.46	3572.98	3588.61	32140	0	5
2024.06.17	08:00:00	3588.55	3594.32	3531.38	3541.17	35981	0	0
2024.06.17	12:00:00	3540.98	3547.15	3487.08	3519.30	35933	0	0
2024.06.17	16:00:00	3519.78	3543.51	3462.78	3521.71	37896	0	0
2024.06.17	20:00:00	3521.69	3574.85	3505.67	3512.55	35683	0	5
2024.06.18	00:00:00	3505.29	3529.51	3448.79	3470.69	31478	0	5
2024.06.18	04:00:00	3471.22	3479.47	3349.62	3444.87	38159	0	5
2024.06.18	08:00:00	3444.27	3461.94	3431.63	3447.20	32221	0	0
2024.06.18	12:00:00	3447.45	3448.41	3381.51	3406.40	34052	0	0
2024.06.18	16:00:00	3406.71	3438.61	3369.11	3421.07	39097	0	0
2024.06.18	20:00:00	3421.15	3467.26	3385.32	3457.40	36386	0	5
2024.06.19	00:00:00	3451.06	3496.40	3449.31	3492.40	28344	0	5
2024.06.19	04:00:00	3492.05	3585.46	3490.99	3560.56	32879	0	5
2024.06.19	08:00:00	3561.03	3567.45	3525.88	3530.74	30042	0	0
2024.06.19	12:00:00	3530.74	3562.45	3516.87	3545.46	31645	0	0
2024.06.19	16:00:00	3544.80	3552.47	3511.06	3545.38	31528	0	0
2024.06.19	20:00:00	3545.38	3585.12	3530.42	3550.58	26026	0	5
2024.06.20	00:00:00	3548.49	3573.79	3547.42	3561.20	22100	0	5
2024.06.20	04:00:00	3561.74	3592.41	3531.68	3569.17	30713	0	5
2024.06.20	08:00:00	3569.17	3614.97	3565.08	3586.53	33383	0	0
2024.06.20	12:00:00	3586.32	3624.40	3572.03	3587.72	32099	0	0
2024.06.20	16:00:00	3588.27	3591.14	3483.03	3513.45	37332	0	0
2024.06.20	20:00:00	3513.56	3539.39	3504.44	3522.95	30806	0	5
2024.06.21	00:00:00	3510.74	3527.46	3488.99	3496.96	22743	0	5
2024.06.21	04:00:00	3496.97	3532.64	3490.48	3515.55	28368	0	5
2024.06.21	08:00:00	3515.55	3519.56	3443.68	3456.18	30907	0	0
2024.06.21	12:00:00	3456.19	3528.62	3450.46	3493.31	37990	0	0
2024.06.21	16:00:00	3493.24	3517.68	3452.38	3484.93	36492	0	0
2024.06.21	20:00:00	3484.97	3546.29	3466.67	3520.01	33548	0	5
2024.06.22	00:00:00	3502.59	3526.71	3492.10	3499.33	17692	0	5
2024.06.22	04:00:00	3499.34	3510.88	3493.99	3506.99	22998	0	5
2024.06.22	08:00:00	3506.99	3507.12	3496.34	3500.14	11241	0	5
2024.06.22	12:00:00	3494.40	3496.19	3485.39	3486.45	9090	0	5
2024.06.22	16:00:00	3486.98	3509.93	3485.00	3502.70	19798	0	5
2024.06.22	20:00:00	3502.99	3507.58	3483.35	3493.34	15885	0	5
2024.06.23	00:00:00	3488.49	3510.65	3488.49	3505.86	15274	0	5
2024.06.23	04:00:00	3505.86	3520.33	3499.21	3512.72	18018	0	5
2024.06.23	08:00:00	3512.73	3517.05	3501.27	3505.41	14870	0	5
2024.06.23	12:00:00	3504.86	3506.37	3485.86	3497.59	16063	0	5
2024.06.23	16:00:00	3497.63	3501.84	3458.79	3461.39	25505	0	5
2024.06.23	20:00:00	3461.38	3479.79	3404.61	3432.97	19993	0	5
2024.06.24	00:00:00	3427.92	3433.56	3400.00	3422.12	27621	0	5
2024.06.24	04:00:00	3421.77	3426.43	3380.60	3404.62	30300	0	5
2024.06.24	08:00:00	3403.80	3407.25	3350.01	3382.85	35887	0	0
2024.06.24	12:00:00	3382.74	3388.28	3225.23	3316.98	39031	0	0
2024.06.24	16:00:00	3316.53	3331.09	3240.43	3256.90	39448	0	0
2024.06.24	20:00:00	3256.90	3327.98	3243.35	3308.47	36928	0	5
2024.06.25	00:00:00	3295.85	3361.04	3295.85	3344.49	16254	0	5
2024.06.25	04:00:00	3344.49	3392.65	3334.11	3388.63	30213	0	5
2024.06.25	08:00:00	3388.77	3393.62	3343.44	3352.09	29481	0	0
2024.06.25	12:00:00	3352.17	3392.41	3351.19	3363.71	33441	0	0
2024.06.25	16:00:00	3363.92	3424.41	3355.56	3381.43	36356	0	0
2024.06.25	20:00:00	3381.34	3428.71	3379.66	3409.90	31307	0	5
2024.06.26	00:00:00	3405.17	3415.22	3383.42	3387.43	19877	0	5
2024.06.26	04:00:00	3387.43	3424.52	3384.12	3386.20	28279	0	5
2024.06.26	08:00:00	3386.08	3405.37	3375.04	3383.41	29968	0	0
2024.06.26	12:00:00	3382.82	3386.40	3365.12	3370.26	28899	0	0
2024.06.26	16:00:00	3370.50	3394.57	3344.93	3350.70	36135	0	0
2024.06.26	20:00:00	3350.56	3415.76	3323.45	3389.17	33385	0	5
2024.06.27	00:00:00	3378.47	3391.80	3359.01	3370.39	11233	0	5
2024.06.27	04:00:00	3370.29	3390.92	3362.52	3382.87	12051	0	5
2024.06.27	08:00:00	3383.31	3385.50	3363.86	3374.02	12892	0	0
2024.06.27	12:00:00	3373.97	3440.94	3370.81	3432.41	20336	0	0
2024.06.27	16:00:00	3432.36	3473.81	3429.61	3447.67	27627	0	0
2024.06.27	20:00:00	3447.69	3463.80	3436.00	3438.26	26563	0	5
2024.06.28	00:00:00	3435.39	3450.30	3432.05	3436.05	7119	0	5
2024.06.28	04:00:00	3435.52	3484.69	3432.20	3455.41	15406	0	5
2024.06.28	08:00:00	3455.39	3455.41	3416.43	3435.15	15788	0	0
2024.06.28	12:00:00	3435.14	3467.06	3429.26	3435.82	16744	0	0
2024.06.28	16:00:00	3435.84	3471.35	3365.61	3390.12	27013	0	0
2024.06.28	20:00:00	3390.51	3398.86	3360.62	3382.69	18672	0	5
2024.06.29	00:00:00	3373.07	3384.10	3361.73	3382.67	8486	0	5
2024.06.29	04:00:00	3382.67	3392.96	3376.63	3383.00	7953	0	5
2024.06.29	08:00:00	3382.92	3384.65	3375.90	3382.96	2649	0	5
2024.06.29	12:00:00	3392.03	3400.65	3384.34	3386.60	4599	0	5
2024.06.29	16:00:00	3387.08	3395.31	3377.10	3381.72	8150	0	5
2024.06.29	20:00:00	3381.72	3387.00	3371.16	3378.04	5674	0	5
2024.06.30	00:00:00	3366.88	3383.94	3366.67	3380.77	5321	0	5
2024.06.30	04:00:00	3380.91	3382.26	3348.07	3358.26	8375	0	5
2024.06.30	08:00:00	3358.25	3393.84	3352.53	3387.34	10088	0	5
2024.06.30	12:00:00	3387.34	3393.31	3373.70	3380.75	7922	0	5
2024.06.30	16:00:00	3380.89	3398.68	3380.12	3387.18	8615	0	5
2024.06.30	20:00:00	3387.34	3429.81	3387.23	3414.11	8784	0	5
2024.07.01	00:00:00	3412.08	3454.04	3403.10	3438.85	19730	0	5
2024.07.01	04:00:00	3438.65	3518.52	3435.10	3482.89	27180	0	5
2024.07.01	08:00:00	3483.01	3491.81	3468.72	3479.71	25920	0	0
2024.07.01	12:00:00	3479.61	3484.91	3452.20	3467.73	25685	0	0
2024.07.01	16:00:00	3467.90	3477.10	3447.78	3462.57	32239	0	0
2024.07.01	20:00:00	3462.68	3494.31	3456.83	3461.52	27443	0	5
2024.07.02	00:00:00	3456.23	3465.46	3420.25	3440.64	19281	0	5
2024.07.02	04:00:00	3440.55	3460.67	3437.47	3450.19	20683	0	5
2024.07.02	08:00:00	3450.27	3457.13	3427.13	3436.55	23585	0	0
2024.07.02	12:00:00	3436.54	3454.54	3435.19	3446.29	22246	0	0
2024.07.02	16:00:00	3446.44	3456.73	3395.92	3410.52	33580	0	0
2024.07.02	20:00:00	3410.62	3429.09	3406.60	3413.11	21163	0	5
2024.07.03	00:00:00	3410.86	3427.10	3404.54	3419.27	15422	0	5
2024.07.03	04:00:00	3419.42	3421.61	3325.81	3355.99	29634	0	5
2024.07.03	08:00:00	3355.79	3368.14	3326.91	3333.49	24230	0	0
2024.07.03	12:00:00	3333.37	3347.78	3269.23	3284.50	34502	0	0
2024.07.03	16:00:00	3284.25	3321.35	3275.07	3310.96	35576	0	0
2024.07.03	20:00:00	3311.36	3313.69	3247.84	3253.94	27872	0	5
2024.07.04	00:00:00	3252.61	3309.50	3252.61	3303.22	9891	0	5
2024.07.04	04:00:00	3303.22	3303.69	3152.49	3233.26	17356	0	4
2024.07.04	08:00:00	3233.29	3234.55	3138.97	3165.20	18725	0	0
2024.07.04	12:00:00	3164.99	3175.58	3121.91	3131.06	19948	0	0
2024.07.04	16:00:00	3130.91	3145.95	3086.00	3137.84	20822	0	0
2024.07.04	20:00:00	3137.84	3150.68	3123.08	3142.68	11733	0	5
2024.07.05	00:00:00	3134.94	3167.34	3037.85	3103.83	15817	0	5
2024.07.05	04:00:00	3104.73	3107.55	2806.04	2863.24	24066	0	5
2024.07.05	08:00:00	2864.23	2903.92	2842.59	2850.38	19990	0	0
2024.07.05	12:00:00	2850.27	2988.33	2822.55	2935.24	20912	0	0
2024.07.05	16:00:00	2935.40	3003.66	2922.81	2967.87	20102	0	0
2024.07.05	20:00:00	2967.87	2997.15	2958.44	2974.17	12945	0	4
2024.07.06	00:00:00	2974.15	3026.05	2966.19	2987.20	9439	0	5
2024.07.06	04:00:00	2987.20	2989.07	2955.13	2962.58	10115	0	5
2024.07.06	08:00:00	2962.60	2998.54	2962.19	2991.79	5141	0	5
2024.07.06	12:00:00	3009.74	3012.82	2989.07	3001.68	4937	0	5
2024.07.06	16:00:00	3001.71	3066.27	2994.82	3050.77	13348	0	5
2024.07.06	20:00:00	3050.71	3075.38	3040.40	3062.35	8725	0	5
2024.07.07	00:00:00	3074.17	3080.25	3046.49	3047.81	9659	0	5
2024.07.07	04:00:00	3047.81	3073.75	3027.30	3030.21	11686	0	5
2024.07.07	08:00:00	3030.22	3038.77	2992.99	3012.75	9997	0	5
2024.07.07	12:00:00	3012.80	3031.94	2996.11	3009.32	11220	0	5
2024.07.07	16:00:00	3009.32	3009.86	2954.15	2990.57	17107	0	5
2024.07.07	20:00:00	2990.57	3009.71	2975.83	2997.73	9113	0	5
2024.07.08	00:00:00	2983.22	2995.77	2883.95	2886.47	16117	0	5
2024.07.08	04:00:00	2886.47	2916.69	2821.24	2913.84	20145	0	5
2024.07.08	08:00:00	2913.85	3065.16	2902.08	3057.65	20764	0	0
2024.07.08	12:00:00	3057.79	3094.86	3007.26	3048.97	19683	0	0
2024.07.08	16:00:00	3048.96	3060.66	2888.99	2970.58	23169	0	0
2024.07.08	20:00:00	2970.58	3015.24	2952.08	2996.95	14892	0	3
2024.07.09	00:00:00	2982.74	3044.55	2973.07	3023.46	11636	0	5
2024.07.09	04:00:00	3023.47	3085.30	3012.93	3070.31	18333	0	5
2024.07.09	08:00:00	3070.38	3112.95	3054.37	3083.87	17594	0	0
2024.07.09	12:00:00	3083.86	3100.22	3063.36	3070.12	16772	0	0
2024.07.09	16:00:00	3070.46	3109.13	3035.45	3075.75	24793	0	0
2024.07.09	20:00:00	3075.74	3080.97	3046.07	3071.34	16883	0	5
2024.07.10	00:00:00	3062.39	3077.62	3027.81	3032.97	11373	0	5
2024.07.10	04:00:00	3032.97	3130.90	3023.27	3119.04	16923	0	5
2024.07.10	08:00:00	3118.87	3123.87	3079.48	3087.92	17703	0	0
2024.07.10	12:00:00	3088.03	3113.51	3076.93	3110.29	19263	0	0
2024.07.10	16:00:00	3110.04	3149.92	3089.31	3120.43	23121	0	0
2024.07.10	20:00:00	3120.44	3123.07	3089.52	3094.79	13165	0	5
2024.07.11	00:00:00	3088.91	3106.88	3079.04	3101.13	10814	0	5
2024.07.11	04:00:00	3101.12	3128.81	3053.37	3084.48	15909	0	5
2024.07.11	08:00:00	3084.72	3131.04	3081.48	3123.26	14454	0	0
2024.07.11	12:00:00	3123.23	3215.39	3120.20	3192.90	20274	0	0
2024.07.11	16:00:00	3192.90	3192.90	3097.74	3126.08	24798	0	0
2024.07.11	20:00:00	3126.08	3147.77	3089.42	3114.94	16452	0	5
2024.07.12	00:00:00	3106.26	3120.78	3084.63	3092.99	14982	0	5
2024.07.12	04:00:00	3093.00	3109.96	3054.79	3084.32	21723	0	5
2024.07.12	08:00:00	3084.30	3099.27	3057.72	3080.79	21294	0	0
2024.07.12	12:00:00	3080.78	3081.80	3045.63	3075.27	20843	0	0
2024.07.12	16:00:00	3075.29	3148.43	3073.54	3139.85	24051	0	0
2024.07.12	20:00:00	3139.96	3159.35	3089.49	3108.78	15896	0	5
2024.07.13	00:00:00	3108.97	3139.10	3108.41	3133.42	6029	0	5
2024.07.13	04:00:00	3133.41	3140.57	3113.33	3116.31	8084	0	5
2024.07.13	08:00:00	3116.31	3144.09	3113.35	3135.94	5048	0	5
2024.07.13	12:00:00	3158.84	3165.95	3153.48	3158.04	6071	0	5
2024.07.13	16:00:00	3158.14	3162.96	3141.36	3152.03	11422	0	5
2024.07.13	20:00:00	3152.03	3168.83	3146.60	3162.06	9242	0	5
2024.07.14	00:00:00	3156.33	3203.31	3144.06	3187.28	15025	0	5
2024.07.14	04:00:00	3187.26	3201.22	3163.54	3194.68	13119	0	5
2024.07.14	08:00:00	3194.73	3222.03	3186.20	3211.39	13029	0	5
2024.07.14	12:00:00	3211.40	3226.44	3189.38	3190.95	12075	0	5
2024.07.14	16:00:00	3191.02	3204.81	3173.79	3196.80	11493	0	5
2024.07.14	20:00:00	3196.79	3207.82	3183.91	3200.51	7141	0	5
2024.07.15	00:00:00	3188.04	3288.49	3188.04	3279.22	15068	0	5
2024.07.15	04:00:00	3279.41	3344.54	3269.26	3338.20	18623	0	5
2024.07.15	08:00:00	3338.20	3373.75	3330.77	3353.93	18080	0	0
2024.07.15	12:00:00	3353.87	3363.91	3328.98	3345.78	16985	0	0
2024.07.15	16:00:00	3345.77	3407.22	3337.83	3391.55	23243	0	0
2024.07.15	20:00:00	3391.82	3448.74	3376.80	3434.59	20534	0	5
2024.07.16	00:00:00	3429.34	3499.74	3419.16	3471.86	15812	0	5
2024.07.16	04:00:00	3471.97	3487.74	3455.46	3461.32	11826	0	5
2024.07.16	08:00:00	3461.08	3467.59	3347.39	3376.13	20993	0	0
2024.07.16	12:00:00	3376.11	3433.99	3367.38	3404.89	19396	0	0
2024.07.16	16:00:00	3404.19	3495.93	3375.92	3467.18	24352	0	0
2024.07.16	20:00:00	3466.41	3485.43	3436.45	3438.75	16605	0	5
2024.07.17	00:00:00	3440.55	3472.51	3414.05	3467.55	13170	0	5
2024.07.17	04:00:00	3467.24	3517.58	3466.69	3498.23	11452	0	5
2024.07.17	08:00:00	3498.23	3515.29	3465.26	3481.62	15575	0	0
2024.07.17	12:00:00	3481.61	3499.99	3442.30	3455.88	19231	0	0
2024.07.17	16:00:00	3455.37	3475.65	3375.60	3401.53	20264	0	0
2024.07.17	20:00:00	3401.53	3428.80	3388.14	3416.02	14224	0	5
2024.07.18	00:00:00	3392.16	3418.62	3382.72	3410.68	24111	0	5
2024.07.18	04:00:00	3410.55	3440.24	3393.81	3418.08	29462	0	5
2024.07.18	08:00:00	3418.53	3460.52	3408.58	3459.75	33051	0	0
2024.07.18	12:00:00	3459.57	3476.78	3435.52	3473.60	34696	0	0
2024.07.18	16:00:00	3473.32	3490.30	3366.27	3420.03	36611	0	0
2024.07.18	20:00:00	3420.07	3424.38	3384.48	3412.30	34592	0	5
2024.07.19	00:00:00	3406.15	3438.20	3401.67	3403.84	27373	0	5
2024.07.19	04:00:00	3403.77	3434.18	3383.16	3421.58	32309	0	5
2024.07.19	08:00:00	3421.10	3450.67	3374.67	3393.64	32703	0	0
2024.07.19	12:00:00	3393.86	3416.63	3381.64	3414.02	33427	0	0
2024.07.19	16:00:00	3413.99	3499.52	3396.02	3491.15	34248	0	0
2024.07.19	20:00:00	3490.87	3542.17	3484.65	3506.45	33045	0	1
2024.07.20	00:00:00	3509.14	3521.76	3481.55	3487.33	13666	0	5
2024.07.20	04:00:00	3486.46	3510.38	3481.34	3510.38	16756	0	5
2024.07.20	08:00:00	3510.07	3510.31	3497.45	3503.01	4803	0	5
2024.07.20	12:00:00	3491.92	3499.05	3482.23	3494.31	6692	0	5
2024.07.20	16:00:00	3494.23	3515.06	3482.21	3500.09	20041	0	5
2024.07.20	20:00:00	3500.19	3540.56	3493.51	3523.27	22049	0	5
2024.07.21	00:00:00	3501.50	3530.27	3501.50	3509.65	13939	0	5
2024.07.21	04:00:00	3509.46	3524.53	3504.34	3506.97	13095	0	5
2024.07.21	08:00:00	3507.19	3508.72	3477.54	3489.33	18286	0	5
2024.07.21	12:00:00	3489.84	3509.40	3487.69	3502.00	13172	0	5
2024.07.21	16:00:00	3502.28	3521.80	3483.18	3519.50	24414	0	5
2024.07.21	20:00:00	3518.63	3527.26	3409.93	3497.98	26389	0	5
2024.07.22	00:00:00	3493.39	3562.53	3490.32	3544.60	28775	0	5
2024.07.22	04:00:00	3544.25	3545.59	3512.20	3516.44	29891	0	5
2024.07.22	08:00:00	3516.14	3517.72	3458.68	3475.64	32582	0	0
2024.07.22	12:00:00	3475.64	3507.82	3468.69	3499.56	31972	0	0
2024.07.22	16:00:00	3499.74	3506.94	3435.59	3453.04	34921	0	0
2024.07.22	20:00:00	3453.10	3501.87	3449.27	3489.38	32766	0	5
2024.07.23	00:00:00	3477.98	3482.58	3422.70	3470.11	28930	0	5
2024.07.23	04:00:00	3470.48	3491.34	3447.11	3455.63	29709	0	5
2024.07.23	08:00:00	3455.91	3531.74	3425.30	3521.14	31337	0	0
2024.07.23	12:00:00	3521.14	3540.91	3481.50	3506.77	36372	0	0
2024.07.23	16:00:00	3506.64	3515.03	3402.53	3403.20	35200	0	0
2024.07.23	20:00:00	3403.25	3499.33	3388.72	3481.93	34813	0	5
2024.07.24	00:00:00	3477.54	3500.19	3457.86	3465.03	23265	0	5
2024.07.24	04:00:00	3465.06	3478.34	3426.69	3440.99	24110	0	5
2024.07.24	08:00:00	3440.28	3463.41	3429.39	3460.53	22973	0	0
2024.07.24	12:00:00	3460.94	3473.76	3443.62	3448.41	22081	0	0
2024.07.24	16:00:00	3448.69	3471.68	3401.95	3420.20	34329	0	0
2024.07.24	20:00:00	3420.11	3432.38	3357.08	3373.95	29717	0	5
2024.07.25	00:00:00	3354.55	3367.72	3292.05	3323.35	29360	0	5
2024.07.25	04:00:00	3323.31	3323.35	3128.39	3182.01	36128	0	5
2024.07.25	08:00:00	3182.24	3193.37	3152.22	3175.75	36127	0	0
2024.07.25	12:00:00	3175.78	3186.42	3139.05	3149.79	35515	0	0
2024.07.25	16:00:00	3149.75	3177.48	3102.54	3153.97	37370	0	0
2024.07.25	20:00:00	3154.27	3170.87	3085.62	3152.33	37383	0	5
2024.07.26	00:00:00	3143.80	3197.74	3139.07	3191.82	30970	0	5
2024.07.26	04:00:00	3191.32	3259.17	3174.40	3253.49	33185	0	5
2024.07.26	08:00:00	3253.46	3275.66	3243.18	3253.54	32374	0	0
2024.07.26	12:00:00	3253.44	3263.76	3230.58	3242.40	30995	0	0
2024.07.26	16:00:00	3242.63	3270.12	3220.01	3246.48	36596	0	0
2024.07.26	20:00:00	3246.56	3285.65	3241.81	3254.60	33637	0	5
2024.07.27	00:00:00	3245.38	3286.58	3245.38	3259.95	17193	0	5
2024.07.27	04:00:00	3259.91	3262.34	3242.82	3254.60	13439	0	5
2024.07.27	08:00:00	3254.67	3270.46	3252.91	3269.96	5454	0	5
2024.07.27	12:00:00	3272.55	3298.51	3264.72	3288.67	8767	0	5
2024.07.27	16:00:00	3288.67	3327.74	3267.31	3272.08	27767	0	4
2024.07.27	20:00:00	3272.28	3274.47	3188.12	3240.47	29203	0	4
2024.07.28	00:00:00	3240.82	3293.96	3224.46	3245.78	21186	0	5
2024.07.28	04:00:00	3245.61	3256.10	3216.09	3218.20	13975	0	5
2024.07.28	08:00:00	3218.69	3231.93	3196.86	3228.16	16216	0	5
2024.07.28	12:00:00	3227.93	3276.86	3225.84	3272.12	15493	0	5
2024.07.28	16:00:00	3272.12	3280.08	3258.60	3265.68	15611	0	5
2024.07.28	20:00:00	3265.72	3284.49	3258.96	3259.08	12961	0	5
2024.07.29	00:00:00	3255.08	3306.99	3250.62	3287.10	20030	0	5
2024.07.29	04:00:00	3287.22	3365.29	3271.25	3344.69	30128	0	5
2024.07.29	08:00:00	3343.61	3390.29	3342.45	3374.28	27529	0	0
2024.07.29	12:00:00	3374.33	3396.85	3369.42	3375.03	26050	0	0
2024.07.29	16:00:00	3375.16	3380.77	3255.50	3269.87	36988	0	0
2024.07.29	20:00:00	3270.66	3328.50	3262.36	3320.70	28530	0	5
2024.07.30	00:00:00	3317.34	3353.24	3281.17	3327.08	23451	0	5
2024.07.30	04:00:00	3327.42	3337.58	3282.87	3317.11	26955	0	5
2024.07.30	08:00:00	3318.34	3356.00	3297.76	3336.79	26016	0	0
2024.07.30	12:00:00	3336.84	3361.95	3323.73	3354.20	28760	0	0
2024.07.30	16:00:00	3354.25	3366.69	3290.57	3308.15	35676	0	0
2024.07.30	20:00:00	3308.23	3309.34	3231.47	3280.21	34776	0	5
2024.07.31	00:00:00	3274.90	3285.34	3260.65	3282.78	14614	0	5
2024.07.31	04:00:00	3282.67	3304.92	3261.91	3277.54	14950	0	5
2024.07.31	08:00:00	3277.58	3332.53	3263.26	3318.10	16971	0	0
2024.07.31	12:00:00	3318.59	3329.44	3306.39	3314.77	12870	0	0
2024.07.31	16:00:00	3314.41	3348.81	3283.05	3288.67	23162	0	0
2024.07.31	20:00:00	3288.83	3324.70	3215.59	3220.83	26077	0	5
2024.08.01	00:00:00	3222.70	3243.89	3210.19	3233.69	13975	0	5
2024.08.01	04:00:00	3233.44	3237.48	3137.48	3145.51	17127	0	5
2024.08.01	08:00:00	3145.42	3183.92	3134.31	3182.78	19112	0	0
2024.08.01	12:00:00	3182.87	3205.25	3174.85	3195.25	16278	0	0
2024.08.01	16:00:00	3195.19	3198.28	3087.50	3104.90	23753	0	0
2024.08.01	20:00:00	3104.91	3168.49	3076.92	3167.48	22243	0	4
2024.08.02	00:00:00	3157.24	3216.23	3155.46	3191.48	13620	0	5
2024.08.02	04:00:00	3191.75	3191.75	3133.20	3164.91	17078	0	5
2024.08.02	08:00:00	3164.92	3165.66	3124.44	3156.55	19843	0	0
2024.08.02	12:00:00	3156.44	3163.99	3112.52	3150.62	21645	0	0
2024.08.02	16:00:00	3150.56	3180.54	2983.29	3023.99	27255	0	0
2024.08.02	20:00:00	3023.98	3039.42	2984.51	3015.70	20390	0	5
2024.08.03	00:00:00	2991.53	3005.63	2937.88	2957.51	18765	0	5
2024.08.03	04:00:00	2958.90	2980.66	2909.82	2962.96	22920	0	5
2024.08.03	08:00:00	2962.96	2988.24	2959.56	2987.61	6571	0	5
2024.08.03	12:00:00	2989.72	3015.89	2986.63	3008.40	8441	0	5
2024.08.03	16:00:00	3008.40	3012.86	2904.85	2933.11	22114	0	5
2024.08.03	20:00:00	2933.19	2938.26	2876.00	2892.30	26855	0	5
2024.08.04	00:00:00	2875.85	2920.11	2856.46	2912.07	18529	0	5
2024.08.04	04:00:00	2912.14	2931.88	2874.84	2900.83	15011	0	5
2024.08.04	08:00:00	2900.83	2920.49	2875.17	2904.29	14311	0	5
2024.08.04	12:00:00	2904.54	2924.10	2902.36	2922.72	12436	0	5
2024.08.04	16:00:00	2922.27	2925.14	2802.42	2808.49	25740	0	3
2024.08.04	20:00:00	2807.34	2813.45	2621.00	2751.10	31225	0	5
2024.08.05	00:00:00	2744.21	2749.88	2480.30	2523.25	23977	0	5
2024.08.05	04:00:00	2523.83	2537.62	2036.04	2336.96	32996	0	5
2024.08.05	08:00:00	2336.96	2367.61	2154.67	2323.46	37604	0	0
2024.08.05	12:00:00	2323.40	2336.56	2198.09	2227.11	37006	0	0
2024.08.05	16:00:00	2226.55	2517.52	2182.78	2454.29	31314	0	0
2024.08.05	20:00:00	2455.31	2494.82	2363.71	2435.72	31392	0	5
2024.08.06	00:00:00	2438.87	2541.76	2409.50	2540.68	22878	0	5
2024.08.06	04:00:00	2541.50	2547.86	2479.13	2501.49	24933	0	5
2024.08.06	08:00:00	2501.24	2536.36	2440.50	2461.61	28956	0	0
2024.08.06	12:00:00	2461.74	2476.18	2427.59	2439.45	32576	0	0
2024.08.06	16:00:00	2439.45	2554.59	2414.27	2531.40	34505	0	0
2024.08.06	20:00:00	2531.84	2543.79	2473.66	2488.43	29053	0	5
2024.08.07	00:00:00	2488.31	2514.33	2432.03	2459.64	23842	0	5
2024.08.07	04:00:00	2459.30	2534.57	2425.53	2517.48	24906	0	5
2024.08.07	08:00:00	2517.31	2535.50	2485.85	2525.41	26723	0	0
2024.08.07	12:00:00	2525.34	2551.24	2449.78	2469.80	29012	0	0
2024.08.07	16:00:00	2469.50	2487.57	2363.77	2391.95	29451	0	0
2024.08.07	20:00:00	2391.95	2404.95	2307.02	2348.70	28397	0	5
2024.08.08	00:00:00	2355.53	2369.09	2312.83	2353.00	23449	0	5
2024.08.08	04:00:00	2353.00	2465.42	2351.23	2423.10	22027	0	5
2024.08.08	08:00:00	2423.06	2440.71	2409.03	2428.01	22088	0	0
2024.08.08	12:00:00	2428.01	2525.91	2415.31	2482.96	26171	0	0
2024.08.08	16:00:00	2482.88	2593.09	2411.02	2586.63	31879	0	0
2024.08.08	20:00:00	2586.38	2605.62	2565.68	2569.74	19671	0	5
2024.08.09	00:00:00	2561.79	2724.10	2560.72	2666.08	29958	0	5
2024.08.09	04:00:00	2666.08	2707.91	2646.31	2659.27	32425	0	5
2024.08.09	08:00:00	2659.84	2704.29	2648.31	2670.53	30486	0	0
2024.08.09	12:00:00	2670.53	2680.15	2610.93	2628.30	29729	0	0
2024.08.09	16:00:00	2628.36	2663.20	2552.03	2592.92	28570	0	0
2024.08.09	20:00:00	2592.92	2609.08	2574.18	2593.76	17141	0	5
2024.08.10	00:00:00	2571.82	2644.56	2561.87	2584.64	31793	0	5
2024.08.10	04:00:00	2584.45	2615.35	2580.59	2600.54	30961	0	5
2024.08.10	08:00:00	2600.28	2625.96	2594.72	2620.50	13130	0	5
2024.08.10	12:00:00	2632.14	2644.18	2628.31	2630.73	10820	0	5
2024.08.10	16:00:00	2630.43	2632.22	2589.67	2607.98	16803	0	5
2024.08.10	20:00:00	2607.98	2622.84	2595.12	2604.77	11002	0	5
2024.08.11	00:00:00	2600.35	2629.46	2589.10	2625.28	7448	0	5
2024.08.11	04:00:00	2625.06	2668.54	2618.83	2645.16	21876	0	5
2024.08.11	08:00:00	2644.73	2697.91	2643.57	2686.42	23201	0	5
2024.08.11	12:00:00	2686.55	2719.25	2625.64	2638.53	23917	0	5
2024.08.11	16:00:00	2638.53	2652.88	2595.08	2626.32	21911	0	5
2024.08.11	20:00:00	2627.02	2646.96	2539.33	2557.19	21889	0	5
2024.08.12	00:00:00	2533.42	2594.60	2508.45	2536.93	23692	0	5
2024.08.12	04:00:00	2536.53	2559.79	2528.49	2539.22	17908	0	5
2024.08.12	08:00:00	2538.86	2597.20	2515.99	2563.55	22620	0	0
2024.08.12	12:00:00	2563.64	2700.00	2562.89	2685.56	29857	0	0
2024.08.12	16:00:00	2684.87	2722.07	2592.47	2668.92	32761	0	0
2024.08.12	20:00:00	2668.97	2705.80	2627.66	2681.14	22861	0	5
2024.08.13	00:00:00	2667.91	2750.01	2658.31	2718.52	17651	0	5
2024.08.13	04:00:00	2718.48	2738.56	2643.03	2661.14	19787	0	5
2024.08.13	08:00:00	2661.05	2664.27	2633.04	2642.58	19566	0	0
2024.08.13	12:00:00	2642.76	2664.11	2610.13	2650.21	24532	0	0
2024.08.13	16:00:00	2650.66	2718.53	2631.30	2716.70	29444	0	0
2024.08.13	20:00:00	2716.02	2731.45	2675.13	2699.87	24008	0	5
2024.08.14	00:00:00	2688.68	2735.20	2686.71	2716.58	14356	0	5
2024.08.14	04:00:00	2716.30	2727.11	2686.29	2721.90	15856	0	5
2024.08.14	08:00:00	2721.90	2750.65	2715.72	2727.07	19206	0	0
2024.08.14	12:00:00	2727.07	2781.05	2720.18	2734.02	23969	0	0
2024.08.14	16:00:00	2733.88	2740.10	2633.51	2664.39	30973	0	0
2024.08.14	20:00:00	2664.38	2679.58	2647.52	2675.88	20475	0	5
2024.08.15	00:00:00	2658.01	2680.13	2640.84	2667.04	23192	0	5
2024.08.15	04:00:00	2666.63	2668.05	2633.29	2652.23	28968	0	5
2024.08.15	08:00:00	2652.11	2657.28	2588.98	2621.32	33622	0	0
2024.08.15	12:00:00	2621.85	2667.13	2614.05	2642.61	34274	0	0
2024.08.15	16:00:00	2642.63	2676.13	2633.36	2658.57	39113	0	0
2024.08.15	20:00:00	2658.80	2661.57	2514.45	2548.05	37349	0	5
2024.08.16	00:00:00	2531.25	2589.89	2530.69	2572.61	28399	0	1
2024.08.16	04:00:00	2572.43	2609.58	2552.18	2597.57	30168	0	5
2024.08.16	08:00:00	2597.36	2629.05	2591.52	2618.45	30871	0	0
2024.08.16	12:00:00	2618.53	2627.13	2560.52	2575.71	27806	0	0
2024.08.16	16:00:00	2575.71	2619.17	2551.40	2594.37	29529	0	0
2024.08.16	20:00:00	2594.51	2630.97	2569.03	2608.15	32049	0	5
2024.08.17	00:00:00	2602.07	2606.53	2586.40	2599.77	20115	0	3
2024.08.17	04:00:00	2599.74	2608.70	2588.88	2601.62	24691	0	5
2024.08.17	08:00:00	2602.02	2604.33	2596.33	2597.61	9261	0	5
2024.08.17	12:00:00	2597.21	2605.74	2593.48	2603.93	11170	0	5
2024.08.17	16:00:00	2603.74	2626.83	2598.80	2620.91	26507	0	5
2024.08.17	20:00:00	2620.97	2627.81	2608.11	2614.53	22922	0	5
2024.08.18	00:00:00	2603.39	2624.77	2598.75	2617.60	19106	0	5
2024.08.18	04:00:00	2617.59	2637.94	2594.59	2603.05	22804	0	5
2024.08.18	08:00:00	2603.40	2620.48	2599.58	2617.87	14910	0	5
2024.08.18	12:00:00	2617.84	2686.96	2616.08	2667.43	16902	0	5
2024.08.18	16:00:00	2667.43	2684.73	2658.12	2669.51	18497	0	5
2024.08.18	20:00:00	2669.53	2671.84	2643.74	2666.14	15983	0	5
2024.08.19	00:00:00	2662.99	2666.30	2602.90	2612.46	27422	0	5
2024.08.19	04:00:00	2612.57	2648.40	2610.33	2636.71	29409	0	5
2024.08.19	08:00:00	2636.89	2638.78	2611.62	2616.77	26548	0	0
2024.08.19	12:00:00	2616.64	2623.48	2568.15	2586.44	27210	0	0
2024.08.19	16:00:00	2586.89	2605.44	2563.99	2585.69	32710	0	0
2024.08.19	20:00:00	2585.91	2629.45	2578.12	2616.83	30498	0	5
2024.08.20	00:00:00	2612.28	2671.70	2612.28	2660.82	24685	0	5
2024.08.20	04:00:00	2660.73	2677.62	2644.60	2666.50	28882	0	5
2024.08.20	08:00:00	2666.55	2696.33	2658.36	2662.28	26337	0	0
2024.08.20	12:00:00	2662.06	2668.08	2641.18	2647.16	21350	0	0
2024.08.20	16:00:00	2647.15	2651.82	2554.19	2574.39	31510	0	0
2024.08.20	20:00:00	2574.39	2610.13	2569.61	2589.18	22243	0	5
2024.08.21	00:00:00	2573.93	2594.07	2565.11	2576.71	23910	0	5
2024.08.21	04:00:00	2576.77	2598.97	2557.05	2591.79	26500	0	5
2024.08.21	08:00:00	2591.97	2609.09	2579.07	2585.10	29094	0	0
2024.08.21	12:00:00	2585.29	2591.96	2567.77	2578.22	31955	0	0
2024.08.21	16:00:00	2578.26	2618.20	2535.59	2608.41	39244	0	0
2024.08.21	20:00:00	2608.50	2663.97	2600.50	2630.79	37053	0	5
2024.08.22	00:00:00	2620.87	2647.64	2619.43	2628.54	24582	0	5
2024.08.22	04:00:00	2628.99	2631.88	2584.11	2627.28	29555	0	5
2024.08.22	08:00:00	2627.36	2643.31	2616.55	2634.75	29008	0	0
2024.08.22	12:00:00	2634.46	2645.67	2620.11	2626.32	32420	0	0
2024.08.22	16:00:00	2626.43	2631.01	2590.74	2606.45	38546	0	0
2024.08.22	20:00:00	2606.55	2625.78	2598.93	2623.26	26378	0	5
2024.08.23	00:00:00	2607.75	2654.09	2607.75	2639.33	10692	0	5
2024.08.23	04:00:00	2639.51	2643.96	2632.57	2639.32	15526	0	5
2024.08.23	08:00:00	2639.34	2690.19	2639.34	2674.86	18931	0	0
2024.08.23	12:00:00	2674.81	2681.43	2652.06	2668.91	19936	0	0
2024.08.23	16:00:00	2668.92	2700.20	2633.44	2678.60	28192	0	0
2024.08.23	20:00:00	2678.61	2764.02	2670.73	2755.25	23323	0	5
2024.08.24	00:00:00	2740.59	2800.99	2740.59	2759.99	15871	0	5
2024.08.24	04:00:00	2759.99	2762.80	2744.37	2748.56	10668	0	5
2024.08.24	08:00:00	2748.54	2766.82	2740.98	2756.46	11171	0	5
2024.08.24	12:00:00	2768.99	2773.05	2753.48	2757.89	4974	0	5
2024.08.24	16:00:00	2757.89	2820.56	2752.87	2814.78	12969	0	5
2024.08.24	20:00:00	2814.78	2815.16	2772.51	2791.86	12307	0	5
2024.08.25	00:00:00	2783.21	2791.31	2729.95	2759.44	12212	0	5
2024.08.25	04:00:00	2759.33	2772.44	2750.39	2768.64	10656	0	5
2024.08.25	08:00:00	2768.64	2771.84	2733.38	2752.47	13584	0	5
2024.08.25	12:00:00	2752.74	2762.88	2746.44	2754.00	13954	0	5
2024.08.25	16:00:00	2754.00	2773.53	2750.47	2764.89	14579	0	5
2024.08.25	20:00:00	2765.04	2775.20	2762.52	2770.67	9980	0	5
2024.08.26	00:00:00	2758.16	2792.93	2740.91	2754.10	28712	0	5
2024.08.26	04:00:00	2754.13	2758.84	2721.38	2752.80	31431	0	5
2024.08.26	08:00:00	2752.77	2753.01	2729.28	2736.92	26597	0	0
2024.08.26	12:00:00	2736.81	2749.47	2712.63	2726.30	28374	0	0
2024.08.26	16:00:00	2726.15	2738.52	2703.68	2726.97	35752	0	0
2024.08.26	20:00:00	2726.81	2731.65	2671.18	2687.19	24502	0	5
2024.08.27	00:00:00	2683.81	2694.10	2665.19	2677.26	26993	0	5
2024.08.27	04:00:00	2677.07	2694.40	2666.97	2686.55	22264	0	5
2024.08.27	08:00:00	2686.56	2700.59	2674.37	2684.79	20398	0	0
2024.08.27	12:00:00	2685.02	2689.25	2606.69	2621.30	26930	0	0
2024.08.27	16:00:00	2621.43	2625.94	2555.24	2565.30	27500	0	0
2024.08.27	20:00:00	2565.37	2592.21	2562.46	2580.85	22281	0	5
2024.08.28	00:00:00	2572.15	2584.54	2390.82	2440.95	35150	0	5
2024.08.28	04:00:00	2440.98	2486.31	2418.44	2472.56	37426	0	5
2024.08.28	08:00:00	2472.92	2485.38	2429.35	2464.13	37632	0	0
2024.08.28	12:00:00	2464.30	2549.59	2462.89	2526.87	34706	0	0
2024.08.28	16:00:00	2526.68	2531.08	2455.86	2514.26	32791	0	0
2024.08.28	20:00:00	2514.26	2553.10	2496.53	2536.55	32599	0	5
2024.08.29	00:00:00	2525.93	2554.96	2516.09	2534.46	30660	0	5
2024.08.29	04:00:00	2534.26	2538.05	2511.96	2525.65	30848	0	5
2024.08.29	08:00:00	2525.43	2559.29	2523.40	2545.09	30763	0	0
2024.08.29	12:00:00	2545.30	2581.97	2538.14	2573.30	24981	0	0
2024.08.29	16:00:00	2573.30	2596.29	2557.87	2570.37	27964	0	0
2024.08.29	20:00:00	2570.37	2579.89	2510.10	2540.01	23252	0	0
2024.08.30	00:00:00	2535.94	2540.24	2505.77	2522.89	17785	0	0
2024.08.30	04:00:00	2522.89	2529.77	2504.81	2518.32	23142	0	0
2024.08.30	08:00:00	2518.36	2532.98	2504.05	2522.21	18208	0	0
2024.08.30	12:00:00	2522.17	2550.50	2507.36	2524.36	18018	0	0
2024.08.30	16:00:00	2524.36	2533.09	2431.21	2461.71	34906	0	0
2024.08.30	20:00:00	2461.71	2540.32	2453.24	2518.16	22197	0	0
2024.08.31	00:00:00	2509.70	2533.88	2509.70	2524.21	16773	0	5
2024.08.31	04:00:00	2524.23	2530.88	2518.49	2529.50	16974	0	5
2024.08.31	08:00:00	2529.54	2529.91	2521.50	2522.66	7680	0	5
2024.08.31	12:00:00	2525.47	2529.84	2521.42	2523.80	9128	0	5
2024.08.31	16:00:00	2523.53	2528.04	2504.70	2507.93	19513	0	5
2024.08.31	20:00:00	2508.06	2510.82	2491.57	2506.68	22839	0	5
2024.09.01	00:00:00	2504.03	2527.50	2502.91	2504.83	15073	0	5
2024.09.01	04:00:00	2504.85	2508.71	2474.91	2485.79	24289	0	5
2024.09.01	08:00:00	2485.92	2489.30	2457.91	2479.22	25621	0	5
2024.09.01	12:00:00	2479.67	2493.10	2458.18	2467.08	26462	0	5
2024.09.01	16:00:00	2467.11	2489.08	2436.68	2472.07	34763	0	5
2024.09.01	20:00:00	2472.17	2515.09	2456.33	2501.86	27213	0	5
2024.09.02	00:00:00	2497.89	2498.60	2399.29	2440.68	30989	0	0
2024.09.02	04:00:00	2440.88	2451.78	2430.33	2434.89	21737	0	0
2024.09.02	08:00:00	2434.89	2476.19	2433.00	2468.59	26677	0	0
2024.09.02	12:00:00	2468.41	2537.31	2461.17	2520.48	27594	0	0
2024.09.02	16:00:00	2520.48	2527.78	2491.98	2511.60	27766	0	0
2024.09.02	20:00:00	2511.60	2564.72	2511.34	2553.61	17101	0	0
2024.09.03	00:00:00	2558.88	2560.84	2528.12	2534.62	14656	0	0
2024.09.03	04:00:00	2534.62	2553.42	2513.31	2518.12	15987	0	0
2024.09.03	08:00:00	2518.12	2525.35	2493.78	2499.72	18194	0	0
2024.09.03	12:00:00	2499.52	2519.03	2497.48	2510.53	19533	0	0
2024.09.03	16:00:00	2510.54	2517.72	2434.50	2439.16	32812	0	0
2024.09.03	20:00:00	2439.16	2468.02	2434.31	2462.63	20382	0	0
2024.09.04	00:00:00	2459.47	2469.59	2389.84	2395.33	18091	0	0
2024.09.04	04:00:00	2395.48	2396.03	2305.45	2377.67	23925	0	0
2024.09.04	08:00:00	2377.67	2413.59	2362.99	2400.88	22441	0	0
2024.09.04	12:00:00	2400.88	2413.67	2387.11	2402.99	25732	0	0
2024.09.04	16:00:00	2402.99	2489.73	2392.63	2477.44	39349	0	0
2024.09.04	20:00:00	2477.44	2478.02	2438.86	2454.54	22559	0	0
2024.09.05	00:00:00	2453.49	2469.09	2443.11	2454.23	14503	0	0
2024.09.05	04:00:00	2454.23	2465.68	2401.38	2413.84	23128	0	0
2024.09.05	08:00:00	2413.84	2416.62	2376.43	2406.40	23245	0	0
2024.09.05	12:00:00	2406.40	2406.58	2376.69	2389.79	24995	0	0
2024.09.05	16:00:00	2389.79	2414.36	2355.40	2374.74	32937	0	0
2024.09.05	20:00:00	2374.82	2394.94	2347.31	2366.80	23536	0	0
2024.09.06	00:00:00	2369.14	2376.35	2349.07	2371.08	15933	0	0
2024.09.06	04:00:00	2371.08	2407.79	2362.68	2385.80	22045	0	0
2024.09.06	08:00:00	2385.80	2388.79	2320.64	2349.54	23429	0	0
2024.09.06	12:00:00	2349.54	2407.97	2344.96	2399.48	23876	0	0
2024.09.06	16:00:00	2399.24	2400.71	2249.26	2264.63	40755	0	0
2024.09.06	20:00:00	2264.76	2275.02	2165.42	2168.66	37004	0	0
2024.09.07	00:00:00	2168.11	2242.30	2168.11	2232.49	15242	0	5
2024.09.07	04:00:00	2232.48	2250.40	2220.87	2250.19	14560	0	5
2024.09.07	08:00:00	2250.18	2282.99	2245.79	2277.03	7295	0	5
2024.09.07	12:00:00	2283.49	2297.00	2279.97	2290.37	6542	0	5
2024.09.07	16:00:00	2290.37	2311.06	2281.78	2289.20	14673	0	5
2024.09.07	20:00:00	2289.22	2292.73	2261.22	2270.74	11502	0	5
2024.09.08	00:00:00	2266.04	2275.56	2257.40	2268.51	10201	0	5
2024.09.08	04:00:00	2268.20	2304.42	2267.99	2297.60	9338	0	5
2024.09.08	08:00:00	2297.33	2299.55	2283.36	2296.00	11122	0	5
2024.09.08	12:00:00	2296.00	2308.96	2271.03	2276.86	12039	0	5
2024.09.08	16:00:00	2276.72	2284.92	2239.96	2250.81	17777	0	5
2024.09.08	20:00:00	2250.82	2282.93	2249.95	2276.61	12512	0	5
2024.09.09	00:00:00	2274.90	2332.72	2274.90	2307.71	19114	0	0
2024.09.09	04:00:00	2307.71	2320.54	2289.58	2296.63	18950	0	0
2024.09.09	08:00:00	2296.63	2330.31	2282.86	2326.52	22297	0	0
2024.09.09	12:00:00	2326.45	2338.69	2299.31	2312.84	20519	0	0
2024.09.09	16:00:00	2312.84	2346.98	2272.93	2341.78	33238	0	0
2024.09.09	20:00:00	2341.82	2352.91	2324.79	2341.23	24455	0	0
2024.09.10	00:00:00	2342.54	2380.33	2339.21	2348.97	17231	0	0
2024.09.10	04:00:00	2348.97	2350.73	2328.82	2337.45	16049	0	0
2024.09.10	08:00:00	2337.50	2372.24	2336.17	2354.82	20746	0	0
2024.09.10	12:00:00	2354.82	2363.75	2339.22	2349.59	20745	0	0
2024.09.10	16:00:00	2349.59	2351.88	2320.72	2337.31	29095	0	0
2024.09.10	20:00:00	2337.49	2395.33	2337.28	2377.93	24079	0	0
2024.09.11	00:00:00	2377.44	2399.46	2371.84	2377.13	17861	0	0
2024.09.11	04:00:00	2377.14	2381.74	2318.93	2333.51	22991	0	0
2024.09.11	08:00:00	2333.51	2343.51	2318.96	2322.80	19285	0	0
2024.09.11	12:00:00	2322.80	2336.81	2307.01	2334.36	24884	0	0
2024.09.11	16:00:00	2334.42	2354.86	2276.69	2346.28	33610	0	0
2024.09.11	20:00:00	2345.44	2368.71	2330.05	2347.63	22451	0	0
2024.09.12	00:00:00	2351.11	2365.45	2333.48	2352.71	12736	0	0
2024.09.12	04:00:00	2352.71	2391.92	2352.67	2364.92	21739	0	0
2024.09.12	08:00:00	2364.89	2370.58	2352.78	2359.43	22552	0	0
2024.09.12	12:00:00	2359.34	2361.52	2337.11	2342.69	20846	0	0
2024.09.12	16:00:00	2342.69	2366.89	2315.04	2338.86	30388	0	0
2024.09.12	20:00:00	2338.86	2361.59	2336.64	2351.57	18487	0	0
2024.09.13	00:00:00	2348.70	2373.39	2341.12	2357.45	11688	0	0
2024.09.13	04:00:00	2357.45	2364.56	2347.85	2348.10	26394	0	0
2024.09.13	08:00:00	2348.10	2352.32	2337.39	2342.85	13769	0	0
2024.09.13	12:00:00	2342.85	2376.57	2341.99	2351.97	24021	0	0
2024.09.13	16:00:00	2351.97	2419.38	2345.30	2407.25	32972	0	0
2024.09.13	20:00:00	2407.30	2429.16	2406.79	2423.12	21557	0	0
2024.09.14	00:00:00	2417.44	2459.77	2417.44	2430.24	14555	0	5
2024.09.14	04:00:00	2430.32	2437.53	2423.88	2426.79	10522	0	5
2024.09.14	08:00:00	2426.81	2428.13	2414.94	2420.69	5283	0	5
2024.09.14	12:00:00	2412.95	2424.90	2409.03	2421.44	6233	0	5
2024.09.14	16:00:00	2421.54	2424.85	2412.96	2419.03	10682	0	5
2024.09.14	20:00:00	2419.02	2421.47	2376.48	2416.25	10976	0	5
2024.09.15	00:00:00	2411.23	2423.99	2411.23	2420.39	6352	0	5
2024.09.15	04:00:00	2420.64	2431.25	2414.54	2417.67	6989	0	5
2024.09.15	08:00:00	2417.56	2425.25	2413.88	2416.10	5631	0	5
2024.09.15	12:00:00	2416.09	2417.02	2402.52	2411.69	9158	0	5
2024.09.15	16:00:00	2411.70	2419.52	2387.28	2388.55	15489	0	5
2024.09.15	20:00:00	2388.55	2392.70	2355.54	2362.97	16450	0	5
2024.09.16	00:00:00	2345.34	2353.71	2284.33	2299.92	23868	0	0
2024.09.16	04:00:00	2299.92	2303.61	2251.99	2281.23	23613	0	0
2024.09.16	08:00:00	2281.23	2335.27	2280.54	2315.46	20437	0	0
2024.09.16	12:00:00	2315.44	2319.69	2287.82	2301.43	20292	0	0
2024.09.16	16:00:00	2301.44	2306.72	2268.58	2286.76	26128	0	0
2024.09.16	20:00:00	2286.70	2310.29	2267.28	2274.31	19818	0	0
2024.09.17	00:00:00	2276.82	2301.23	2272.38	2272.40	11772	0	0
2024.09.17	04:00:00	2272.40	2290.50	2262.68	2288.54	17726	0	0
2024.09.17	08:00:00	2288.64	2315.88	2287.34	2309.31	18117	0	0
2024.09.17	12:00:00	2309.38	2323.51	2302.16	2318.37	18947	0	0
2024.09.17	16:00:00	2318.37	2393.92	2302.57	2368.64	26502	0	0
2024.09.17	20:00:00	2368.64	2376.51	2328.39	2344.04	19619	0	0
2024.09.18	00:00:00	2348.38	2351.97	2309.77	2323.93	14102	0	0
2024.09.18	04:00:00	2323.87	2341.64	2313.47	2323.53	16664	0	0
2024.09.18	08:00:00	2323.53	2334.87	2312.48	2321.15	15194	0	0
2024.09.18	12:00:00	2321.15	2321.15	2277.41	2310.49	19797	0	0
2024.09.18	16:00:00	2310.49	2318.27	2287.18	2304.07	23850	0	0
2024.09.18	20:00:00	2304.23	2364.16	2290.06	2325.50	29736	0	0
2024.09.19	00:00:00	2326.19	2409.12	2324.89	2398.46	17476	0	0
2024.09.19	04:00:00	2398.70	2418.90	2374.68	2416.47	19506	0	0
2024.09.19	08:00:00	2416.46	2442.82	2404.84	2431.51	19224	0	0
2024.09.19	12:00:00	2431.51	2453.38	2423.99	2436.02	18768	0	0
2024.09.19	16:00:00	2436.02	2484.00	2421.17	2472.77	25231	0	0
2024.09.19	20:00:00	2472.77	2494.03	2456.14	2465.18	20039	0	0
2024.09.20	00:00:00	2460.91	2479.27	2446.80	2448.12	18300	0	0
2024.09.20	04:00:00	2447.93	2548.14	2437.77	2538.53	22173	0	0
2024.09.20	08:00:00	2538.50	2572.07	2537.36	2545.83	23108	0	0
2024.09.20	12:00:00	2545.77	2559.31	2539.51	2553.80	19567	0	0
2024.09.20	16:00:00	2553.79	2569.76	2516.05	2547.19	26364	0	0
2024.09.20	20:00:00	2547.19	2551.27	2524.76	2540.26	17463	0	0
2024.09.21	00:00:00	2540.41	2587.00	2540.41	2568.21	12787	0	5
2024.09.21	04:00:00	2567.82	2573.30	2528.65	2537.89	16079	0	5
2024.09.21	08:00:00	2538.09	2553.61	2535.32	2548.31	6004	0	5
2024.09.21	12:00:00	2547.38	2563.10	2545.82	2562.62	5275	0	5
2024.09.21	16:00:00	2562.55	2577.19	2550.78	2561.32	16349	0	5
2024.09.21	20:00:00	2561.31	2579.02	2560.75	2566.48	13326	0	5
2024.09.22	00:00:00	2563.06	2633.44	2560.50	2621.43	15947	0	5
2024.09.22	04:00:00	2621.42	2622.32	2588.66	2599.73	16597	0	5
2024.09.22	08:00:00	2599.73	2600.16	2575.67	2595.80	11083	0	5
2024.09.22	12:00:00	2595.90	2595.90	2569.77	2581.30	14544	0	5
2024.09.22	16:00:00	2581.24	2588.14	2552.81	2571.62	15329	0	5
2024.09.22	20:00:00	2571.49	2591.46	2563.90	2573.31	11331	0	5
2024.09.23	00:00:00	2575.64	2603.68	2524.60	2593.41	22598	0	0
2024.09.23	04:00:00	2593.42	2686.25	2588.34	2663.81	21440	0	0
2024.09.23	08:00:00	2663.81	2665.32	2636.31	2645.75	17851	0	0
2024.09.23	12:00:00	2645.75	2662.08	2633.22	2645.73	18220	0	0
2024.09.23	16:00:00	2645.73	2703.53	2631.19	2663.65	25974	0	0
2024.09.23	20:00:00	2663.65	2692.28	2657.90	2661.60	16988	0	0
2024.09.24	00:00:00	2662.30	2666.58	2622.51	2627.56	13916	0	0
2024.09.24	04:00:00	2627.56	2643.28	2608.94	2622.10	15746	0	0
2024.09.24	08:00:00	2622.10	2667.50	2621.51	2660.43	18677	0	0
2024.09.24	12:00:00	2660.36	2662.71	2630.78	2632.58	20494	0	0
2024.09.24	16:00:00	2632.62	2646.33	2591.53	2626.64	23469	0	0
2024.09.24	20:00:00	2626.64	2659.58	2624.67	2650.59	17018	0	0
2024.09.25	00:00:00	2652.33	2671.00	2632.80	2638.58	13128	0	0
2024.09.25	04:00:00	2638.65	2673.40	2624.97	2625.22	13692	0	0
2024.09.25	08:00:00	2625.22	2630.42	2610.67	2625.07	16508	0	0
2024.09.25	12:00:00	2625.07	2630.41	2613.88	2617.36	16673	0	0
2024.09.25	16:00:00	2617.36	2629.45	2592.33	2599.72	24411	0	0
2024.09.25	20:00:00	2599.72	2604.07	2565.34	2580.27	19999	0	0
2024.09.26	00:00:00	2576.93	2587.54	2554.69	2570.44	17442	0	0
2024.09.26	04:00:00	2570.45	2605.64	2559.31	2595.69	18942	0	0
2024.09.26	08:00:00	2595.71	2634.52	2591.94	2619.86	17769	0	0
2024.09.26	12:00:00	2619.85	2639.70	2612.43	2630.10	20911	0	0
2024.09.26	16:00:00	2630.10	2665.26	2608.52	2650.80	26348	0	0
2024.09.26	20:00:00	2650.81	2666.73	2627.38	2631.10	18940	0	0
2024.09.27	00:00:00	2634.59	2648.74	2617.86	2641.49	14325	0	0
2024.09.27	04:00:00	2641.49	2649.80	2615.25	2645.57	14755	0	0
2024.09.27	08:00:00	2645.57	2678.05	2636.96	2667.44	16453	0	0
2024.09.27	12:00:00	2667.44	2674.11	2641.58	2659.44	19163	0	0
2024.09.27	16:00:00	2659.44	2728.38	2642.90	2718.59	24983	0	0
2024.09.27	20:00:00	2718.59	2721.71	2686.09	2694.28	17297	0	0
2024.09.28	00:00:00	2682.22	2708.95	2682.22	2696.98	7056	0	5
2024.09.28	04:00:00	2696.97	2705.17	2687.62	2693.71	10415	0	5
2024.09.28	08:00:00	2693.72	2695.61	2675.45	2680.10	5575	0	5
2024.09.28	12:00:00	2675.84	2677.94	2655.86	2659.75	4993	0	5
2024.09.28	16:00:00	2659.63	2676.26	2652.82	2665.46	17057	0	5
2024.09.28	20:00:00	2665.39	2684.91	2663.16	2675.80	7895	0	5
2024.09.29	00:00:00	2673.00	2683.22	2655.61	2668.97	8592	0	5
2024.09.29	04:00:00	2668.76	2684.24	2665.47	2671.16	10693	0	5
2024.09.29	08:00:00	2671.16	2674.79	2633.90	2647.69	13753	0	2
2024.09.29	12:00:00	2647.55	2660.39	2638.37	2647.29	9505	0	4
2024.09.29	16:00:00	2647.29	2670.13	2641.25	2664.80	13976	0	5
2024.09.29	20:00:00	2664.80	2674.88	2658.77	2661.61	13387	0	5
2024.09.30	00:00:00	2664.35	2671.54	2625.80	2648.51	15920	0	0
2024.09.30	04:00:00	2648.51	2655.45	2602.08	2628.45	19771	0	0
2024.09.30	08:00:00	2628.48	2643.91	2626.08	2641.15	16351	0	0
2024.09.30	12:00:00	2641.05	2642.12	2591.99	2633.47	23971	0	0
2024.09.30	16:00:00	2633.52	2638.46	2589.55	2603.02	23297	0	0
2024.09.30	20:00:00	2603.05	2616.14	2574.27	2613.24	22543	0	0
2024.10.01	00:00:00	2610.70	2621.93	2575.98	2617.15	16991	0	0
2024.10.01	04:00:00	2617.15	2645.61	2605.90	2642.90	16695	0	0
2024.10.01	08:00:00	2642.90	2658.21	2634.81	2640.42	14787	0	0
2024.10.01	12:00:00	2640.42	2644.89	2619.48	2621.79	16058	0	0
2024.10.01	16:00:00	2621.79	2622.87	2480.36	2508.38	33848	0	0
2024.10.01	20:00:00	2508.86	2518.93	2413.53	2450.78	31889	0	0
2024.10.02	00:00:00	2454.62	2473.50	2439.42	2463.15	22665	0	0
2024.10.02	04:00:00	2463.23	2498.28	2460.04	2486.01	19761	0	0
2024.10.02	08:00:00	2486.01	2492.27	2466.83	2480.17	20821	0	0
2024.10.02	12:00:00	2480.17	2481.40	2432.84	2434.84	24873	0	0
2024.10.02	16:00:00	2434.84	2478.68	2418.24	2452.86	31126	0	0
2024.10.02	20:00:00	2452.86	2454.15	2359.34	2385.48	29337	0	0
2024.10.03	00:00:00	2381.29	2382.80	2351.61	2371.62	20362	0	0
2024.10.03	04:00:00	2371.62	2403.08	2371.11	2397.11	16426	0	0
2024.10.03	08:00:00	2397.05	2398.81	2328.84	2337.58	19663	0	0
2024.10.03	12:00:00	2337.58	2369.68	2319.57	2351.59	27329	0	0
2024.10.03	16:00:00	2351.65	2365.61	2309.50	2324.48	35809	0	0
2024.10.03	20:00:00	2324.55	2354.30	2315.64	2341.99	23605	0	0
2024.10.04	00:00:00	2334.81	2357.53	2332.61	2340.15	18596	0	0
2024.10.04	04:00:00	2340.15	2380.67	2339.53	2373.76	18434	0	0
2024.10.04	08:00:00	2373.76	2393.34	2370.86	2381.28	16987	0	0
2024.10.04	12:00:00	2381.21	2398.16	2373.36	2396.32	21333	0	0
2024.10.04	16:00:00	2396.32	2440.91	2352.01	2433.32	36516	0	0
2024.10.04	20:00:00	2433.32	2437.05	2409.52	2428.92	19876	0	0
2024.10.05	00:00:00	2424.27	2429.58	2412.19	2425.25	6671	0	5
2024.10.05	04:00:00	2425.12	2428.12	2389.24	2405.15	8596	0	5
2024.10.05	08:00:00	2405.05	2426.51	2404.48	2423.75	3686	0	5
2024.10.05	12:00:00	2419.01	2422.92	2415.75	2422.85	2432	0	5
2024.10.05	16:00:00	2422.83	2424.27	2402.70	2404.48	9157	0	5
2024.10.05	20:00:00	2404.54	2411.96	2389.59	2391.57	9269	0	5
2024.10.06	00:00:00	2389.48	2419.72	2389.48	2410.47	8545	0	5
2024.10.06	04:00:00	2410.57	2422.92	2408.34	2415.28	6161	0	5
2024.10.06	08:00:00	2415.45	2427.07	2411.68	2421.36	4891	0	5
2024.10.06	12:00:00	2421.36	2433.71	2419.00	2429.45	6385	0	5
2024.10.06	16:00:00	2429.54	2458.28	2426.40	2436.73	13619	0	5
2024.10.06	20:00:00	2436.83	2453.03	2435.32	2438.16	7638	0	5
2024.10.07	00:00:00	2442.06	2489.84	2415.31	2488.44	13775	0	0
2024.10.07	04:00:00	2488.19	2512.71	2483.52	2487.12	17042	0	0
2024.10.07	08:00:00	2487.12	2492.90	2477.04	2481.98	13748	0	0
2024.10.07	12:00:00	2481.98	2481.98	2437.23	2464.85	23861	0	0
2024.10.07	16:00:00	2464.85	2520.37	2458.55	2477.71	28215	0	0
2024.10.07	20:00:00	2477.71	2480.41	2419.72	2441.28	25151	0	0
2024.10.08	00:00:00	2445.11	2456.77	2402.39	2435.85	18598	0	0
2024.10.08	04:00:00	2435.84	2447.36	2422.69	2436.73	18439	0	0
2024.10.08	08:00:00	2436.73	2438.26	2410.03	2426.07	22696	0	0
2024.10.08	12:00:00	2426.13	2441.66	2416.90	2427.83	18890	0	0
2024.10.08	16:00:00	2427.83	2452.14	2400.09	2444.22	33509	0	0
2024.10.08	20:00:00	2444.44	2454.35	2422.92	2442.05	24454	0	0
2024.10.09	00:00:00	2442.68	2464.69	2425.94	2436.90	19113	0	0
2024.10.09	04:00:00	2436.90	2472.00	2433.36	2443.76	25199	0	1
2024.10.09	08:00:00	2443.75	2451.35	2427.64	2429.36	19705	0	0
2024.10.09	12:00:00	2429.36	2443.72	2423.66	2432.75	16311	0	0
2024.10.09	16:00:00	2432.78	2469.98	2421.21	2431.97	28254	0	0
2024.10.09	20:00:00	2431.97	2438.57	2351.27	2354.05	25729	0	0
2024.10.10	00:00:00	2362.06	2381.10	2355.15	2373.24	17955	0	1
2024.10.10	04:00:00	2373.24	2397.95	2372.42	2392.47	14899	0	0
2024.10.10	08:00:00	2392.47	2408.74	2378.34	2379.81	13476	0	0
2024.10.10	12:00:00	2379.97	2406.18	2366.10	2385.35	22054	0	0
2024.10.10	16:00:00	2385.34	2418.33	2367.47	2390.09	31546	0	0
2024.10.10	20:00:00	2390.20	2395.39	2328.33	2366.48	28504	0	0
2024.10.11	00:00:00	2362.78	2389.07	2359.42	2384.02	14195	0	1
2024.10.11	04:00:00	2384.02	2414.74	2379.87	2406.99	13536	0	0
2024.10.11	08:00:00	2406.99	2416.50	2401.14	2401.24	15247	0	0
2024.10.11	12:00:00	2401.24	2426.72	2400.76	2424.15	19090	0	0
2024.10.11	16:00:00	2424.15	2453.18	2415.47	2438.10	26058	0	0
2024.10.11	20:00:00	2438.10	2471.12	2432.80	2456.67	17676	0	0
2024.10.12	00:00:00	2447.58	2452.42	2433.45	2443.65	7511	0	5
2024.10.12	04:00:00	2443.52	2450.97	2432.92	2445.17	10198	0	5
2024.10.12	08:00:00	2445.18	2448.64	2442.19	2445.77	2465	0	5
2024.10.12	12:00:00	2455.03	2466.85	2447.79	2457.58	5586	0	5
2024.10.12	16:00:00	2457.92	2486.20	2455.36	2469.37	11999	0	5
2024.10.12	20:00:00	2469.27	2481.75	2466.09	2469.82	9491	0	5
2024.10.13	00:00:00	2459.42	2489.94	2459.42	2476.60	8655	0	5
2024.10.13	04:00:00	2476.60	2476.60	2453.43	2462.95	10562	0	5
2024.10.13	08:00:00	2462.91	2471.33	2459.27	2462.36	8018	0	5
2024.10.13	12:00:00	2462.36	2470.42	2457.07	2464.99	9782	0	5
2024.10.13	16:00:00	2465.03	2469.85	2435.67	2454.65	15502	0	5
2024.10.13	20:00:00	2454.77	2461.66	2439.29	2459.59	10695	0	5
2024.10.14	00:00:00	2459.69	2483.07	2448.36	2451.61	16785	0	0
2024.10.14	04:00:00	2451.61	2546.48	2442.44	2540.52	23212	0	0
2024.10.14	08:00:00	2540.57	2542.59	2510.06	2523.07	23564	0	0
2024.10.14	12:00:00	2523.05	2562.07	2518.02	2553.87	21402	0	0
2024.10.14	16:00:00	2553.95	2641.79	2545.38	2618.73	30590	0	0
2024.10.14	20:00:00	2618.73	2634.58	2615.30	2621.12	19122	0	0
2024.10.15	00:00:00	2619.97	2652.97	2615.43	2621.83	19346	0	0
2024.10.15	04:00:00	2621.83	2633.40	2604.30	2613.27	14849	0	0
2024.10.15	08:00:00	2613.27	2622.17	2588.87	2616.00	17178	0	0
2024.10.15	12:00:00	2616.00	2619.44	2579.19	2601.27	21725	0	0
2024.10.15	16:00:00	2601.27	2687.57	2536.89	2591.58	37277	0	0
2024.10.15	20:00:00	2591.78	2604.80	2563.11	2571.55	27832	0	0
2024.10.16	00:00:00	2574.96	2607.88	2570.55	2595.99	18023	0	0
2024.10.16	04:00:00	2596.20	2629.64	2588.23	2613.77	21024	0	0
2024.10.16	08:00:00	2613.76	2624.24	2598.60	2608.78	22076	0	0
2024.10.16	12:00:00	2608.78	2647.01	2607.21	2627.65	28246	0	0
2024.10.16	16:00:00	2627.65	2644.68	2590.91	2617.82	35615	0	0
2024.10.16	20:00:00	2617.92	2628.05	2610.15	2617.84	22264	0	0
2024.10.17	00:00:00	2620.00	2624.75	2608.73	2616.42	14356	0	0
2024.10.17	04:00:00	2616.40	2647.19	2609.66	2626.85	22007	0	0
2024.10.17	08:00:00	2626.92	2637.81	2614.03	2625.71	22116	0	0
2024.10.17	12:00:00	2625.71	2626.83	2594.32	2613.40	23440	0	0
2024.10.17	16:00:00	2613.34	2632.26	2582.86	2611.99	33065	0	0
2024.10.17	20:00:00	2612.04	2618.36	2574.84	2597.23	24278	0	0
2024.10.18	00:00:00	2599.62	2613.93	2595.18	2595.90	13383	0	0
2024.10.18	04:00:00	2595.90	2650.28	2595.47	2614.14	23215	0	0
2024.10.18	08:00:00	2614.14	2649.24	2611.21	2637.49	24076	0	0
2024.10.18	12:00:00	2637.46	2638.58	2612.40	2615.82	21409	0	0
2024.10.18	16:00:00	2615.82	2663.61	2611.19	2651.34	31690	0	0
2024.10.18	20:00:00	2651.32	2675.82	2639.64	2643.53	23681	0	0
2024.10.19	00:00:00	2640.84	2647.63	2632.98	2639.47	7948	0	5
2024.10.19	04:00:00	2639.47	2663.18	2634.48	2640.36	9183	0	5
2024.10.19	08:00:00	2640.33	2647.65	2640.33	2644.08	4119	0	5
2024.10.19	12:00:00	2640.37	2644.33	2630.77	2640.13	4669	0	5
2024.10.19	16:00:00	2640.13	2654.38	2635.21	2637.48	7499	0	5
2024.10.19	20:00:00	2637.47	2648.94	2637.24	2645.09	6753	0	5
2024.10.20	00:00:00	2642.41	2655.78	2640.70	2642.83	7471	0	5
2024.10.20	04:00:00	2642.84	2646.90	2635.29	2641.54	9731	0	5
2024.10.20	08:00:00	2641.55	2652.09	2638.27	2646.58	6329	0	5
2024.10.20	12:00:00	2646.55	2655.66	2643.89	2644.78	7036	0	5
2024.10.20	16:00:00	2644.77	2720.34	2641.79	2692.23	17781	0	5
2024.10.20	20:00:00	2692.25	2718.02	2686.00	2711.21	8495	0	5
2024.10.21	00:00:00	2710.84	2768.53	2703.71	2745.11	26365	0	0
2024.10.21	04:00:00	2745.11	2760.03	2724.20	2736.78	18673	0	0
2024.10.21	08:00:00	2736.80	2743.05	2712.81	2714.20	21549	0	0
2024.10.21	12:00:00	2714.20	2719.15	2686.65	2695.96	20800	0	0
2024.10.21	16:00:00	2695.95	2698.58	2653.98	2669.51	30543	0	0
2024.10.21	20:00:00	2669.51	2683.25	2656.17	2674.66	21215	0	0
2024.10.22	00:00:00	2674.80	2682.67	2614.11	2636.32	15981	0	0
2024.10.22	04:00:00	2636.40	2655.21	2625.30	2638.78	17956	0	0
2024.10.22	08:00:00	2638.79	2657.62	2626.36	2628.15	19404	0	0
2024.10.22	12:00:00	2628.15	2642.76	2611.50	2620.24	23955	0	0
2024.10.22	16:00:00	2620.32	2639.92	2604.61	2605.40	28051	0	0
2024.10.22	20:00:00	2605.78	2633.36	2604.72	2631.84	17586	0	1
2024.10.23	00:00:00	2630.91	2642.13	2609.66	2611.81	12948	0	0
2024.10.23	04:00:00	2611.81	2623.26	2599.42	2614.88	15532	0	0
2024.10.23	08:00:00	2614.89	2622.61	2569.49	2574.12	21411	0	0
2024.10.23	12:00:00	2574.21	2586.53	2554.66	2569.22	23124	0	0
2024.10.23	16:00:00	2569.22	2585.09	2482.99	2489.52	29628	0	0
2024.10.23	20:00:00	2489.52	2515.19	2445.59	2511.89	27967	0	0
2024.10.24	00:00:00	2505.63	2546.69	2498.58	2546.38	14544	0	0
2024.10.24	04:00:00	2546.33	2557.66	2534.91	2550.07	17904	0	0
2024.10.24	08:00:00	2550.07	2559.47	2516.47	2516.91	16523	0	0
2024.10.24	12:00:00	2517.25	2536.83	2506.21	2527.55	20441	0	0
2024.10.24	16:00:00	2527.58	2542.92	2505.17	2516.03	31227	0	0
2024.10.24	20:00:00	2516.03	2539.68	2508.09	2535.73	16805	0	0
2024.10.25	00:00:00	2536.65	2558.00	2519.50	2523.40	14275	0	0
2024.10.25	04:00:00	2523.30	2530.18	2486.87	2490.45	18763	0	0
2024.10.25	08:00:00	2490.45	2517.47	2460.57	2515.32	22710	0	0
2024.10.25	12:00:00	2515.32	2551.61	2513.19	2536.65	20217	0	0
2024.10.25	16:00:00	2536.65	2564.64	2507.59	2530.29	30014	0	0
2024.10.25	20:00:00	2530.31	2534.24	2450.14	2474.90	35208	0	0
2024.10.26	00:00:00	2472.84	2491.45	2378.56	2439.47	14750	0	5
2024.10.26	04:00:00	2439.21	2456.69	2428.05	2455.40	9399	0	5
2024.10.26	08:00:00	2455.34	2475.63	2454.70	2469.74	4979	0	5
2024.10.26	12:00:00	2466.47	2475.48	2460.58	2468.23	5151	0	5
2024.10.26	16:00:00	2468.36	2472.99	2438.65	2467.52	17109	0	2
2024.10.26	20:00:00	2467.52	2503.72	2467.03	2486.84	20035	0	5
2024.10.27	00:00:00	2482.97	2489.76	2481.72	2483.46	6982	0	5
2024.10.27	04:00:00	2469.71	2483.01	2465.95	2478.61	7887	0	5
2024.10.27	08:00:00	2478.60	2480.45	2462.40	2467.51	8933	0	5
2024.10.27	12:00:00	2467.50	2500.53	2460.10	2482.05	11379	0	5
2024.10.27	16:00:00	2482.05	2506.76	2479.82	2494.47	17537	0	5
2024.10.27	20:00:00	2494.46	2517.16	2482.07	2507.81	13604	0	5
2024.10.28	00:00:00	2517.07	2524.40	2488.65	2488.71	19765	0	1
2024.10.28	04:00:00	2488.69	2492.55	2468.71	2483.53	19742	0	0
2024.10.28	08:00:00	2483.46	2539.39	2478.95	2538.91	26741	0	0
2024.10.28	12:00:00	2538.93	2541.83	2510.03	2511.35	28495	0	0
2024.10.28	16:00:00	2511.52	2534.01	2486.69	2499.67	30920	0	0
2024.10.28	20:00:00	2499.67	2547.39	2487.30	2542.81	22591	0	0
2024.10.29	00:00:00	2562.09	2594.24	2559.34	2580.78	24421	0	0
2024.10.29	04:00:00	2580.88	2629.18	2577.03	2615.27	22548	0	0
2024.10.29	08:00:00	2615.27	2627.94	2606.91	2622.20	16709	0	0
2024.10.29	12:00:00	2622.20	2637.44	2609.55	2636.09	20718	0	0
2024.10.29	16:00:00	2635.89	2681.07	2616.21	2655.18	30054	0	0
2024.10.29	20:00:00	2655.17	2674.82	2606.17	2621.32	27945	0	0
2024.10.30	00:00:00	2620.65	2647.21	2599.41	2624.49	18951	0	0
2024.10.30	04:00:00	2624.46	2653.83	2622.64	2651.91	17725	0	0
2024.10.30	08:00:00	2651.91	2692.53	2651.74	2691.05	23118	0	0
2024.10.30	12:00:00	2690.84	2701.86	2651.98	2695.67	24796	0	0
2024.10.30	16:00:00	2695.54	2721.09	2661.52	2673.17	28523	0	0
2024.10.30	20:00:00	2673.18	2684.07	2633.91	2658.88	23758	0	0
2024.10.31	00:00:00	2654.96	2669.28	2637.23	2661.81	21809	0	0
2024.10.31	04:00:00	2661.81	2666.24	2641.93	2648.86	18820	0	0
2024.10.31	08:00:00	2648.81	2649.81	2624.67	2634.13	23685	0	0
2024.10.31	12:00:00	2634.06	2647.76	2595.40	2602.03	24577	0	0
2024.10.31	16:00:00	2602.19	2602.27	2521.51	2540.36	31918	0	0
2024.10.31	20:00:00	2540.32	2540.69	2499.81	2521.36	25343	0	0
2024.11.01	00:00:00	2520.38	2529.19	2491.82	2498.02	21625	0	0
2024.11.01	04:00:00	2498.15	2516.80	2464.93	2507.71	20417	0	0
2024.11.01	08:00:00	2507.71	2512.91	2483.46	2508.63	20762	0	0
2024.11.01	12:00:00	2508.55	2573.61	2507.02	2572.16	26708	0	0
2024.11.01	16:00:00	2571.62	2585.37	2481.08	2512.51	38823	0	0
2024.11.01	20:00:00	2512.43	2525.47	2484.44	2504.00	23935	0	0
2024.11.02	00:00:00	2504.43	2518.84	2501.95	2513.80	26517	0	5
2024.11.02	04:00:00	2513.47	2522.73	2497.88	2512.17	22018	0	5
2024.11.02	08:00:00	2511.75	2512.91	2503.80	2506.09	10227	0	5
2024.11.02	12:00:00	2501.53	2503.59	2469.39	2478.51	16608	0	5
2024.11.02	16:00:00	2478.44	2496.55	2474.30	2485.62	30758	0	5
2024.11.02	20:00:00	2485.60	2496.65	2478.71	2493.17	18599	0	5
2024.11.03	00:00:00	2492.21	2497.44	2469.34	2470.65	23422	0	5
2024.11.03	04:00:00	2471.12	2476.57	2419.47	2441.82	33921	0	5
2024.11.03	08:00:00	2441.80	2462.50	2440.50	2448.26	18695	0	2
2024.11.03	12:00:00	2448.30	2462.12	2429.61	2434.07	18726	0	5
2024.11.03	16:00:00	2434.07	2458.64	2411.57	2445.23	34272	0	5
2024.11.03	20:00:00	2445.24	2474.20	2409.38	2468.70	18029	0	5
2024.11.04	00:00:00	2468.54	2473.47	2433.66	2464.70	19355	0	0
2024.11.04	04:00:00	2464.77	2489.33	2458.17	2460.60	16701	0	0
2024.11.04	08:00:00	2460.60	2478.75	2445.40	2455.53	21320	0	0
2024.11.04	12:00:00	2455.53	2483.83	2453.22	2457.34	24319	0	0
2024.11.04	16:00:00	2457.27	2462.98	2404.35	2423.15	32389	0	0
2024.11.04	20:00:00	2423.17	2434.79	2355.31	2369.49	25447	0	0
2024.11.05	00:00:00	2381.76	2412.35	2375.30	2408.93	24187	0	0
2024.11.05	04:00:00	2408.99	2433.28	2398.84	2430.47	21111	0	0
2024.11.05	08:00:00	2430.47	2446.70	2420.57	2433.74	21937	0	0
2024.11.05	12:00:00	2433.73	2447.24	2428.94	2440.94	20718	0	0
2024.11.05	16:00:00	2440.94	2479.23	2427.18	2451.47	29925	0	0
2024.11.05	20:00:00	2451.47	2459.34	2401.48	2414.73	22428	0	0
2024.11.06	00:00:00	2417.36	2510.68	2407.46	2482.23	26630	0	0
2024.11.06	04:00:00	2482.30	2633.58	2476.66	2596.62	37321	0	0
2024.11.06	08:00:00	2596.68	2643.86	2571.54	2622.91	34824	0	0
2024.11.06	12:00:00	2622.88	2649.90	2610.38	2619.05	27627	0	0
2024.11.06	16:00:00	2619.05	2668.10	2610.23	2653.59	33351	0	0
2024.11.06	20:00:00	2653.59	2706.53	2652.12	2689.89	30700	0	0
2024.11.07	00:00:00	2693.26	2838.50	2686.48	2815.62	31301	0	0
2024.11.07	04:00:00	2815.47	2881.61	2812.81	2840.70	30119	0	0
2024.11.07	08:00:00	2840.70	2841.05	2781.75	2823.29	27061	0	0
2024.11.07	12:00:00	2823.29	2826.31	2791.30	2806.27	28884	0	0
2024.11.07	16:00:00	2806.27	2873.50	2776.19	2864.11	37453	0	0
2024.11.07	20:00:00	2864.33	2920.11	2840.73	2894.19	37127	0	0
2024.11.08	00:00:00	2895.73	2956.76	2866.42	2924.85	31061	0	0
2024.11.08	04:00:00	2924.90	2931.02	2889.27	2926.24	23960	0	0
2024.11.08	08:00:00	2926.24	2926.61	2894.83	2916.92	24797	0	0
2024.11.08	12:00:00	2916.70	2956.22	2906.14	2950.23	28025	0	0
2024.11.08	16:00:00	2950.23	2960.04	2893.15	2921.79	39686	0	0
2024.11.08	20:00:00	2921.94	2985.33	2917.27	2943.98	33142	0	0
2024.11.09	00:00:00	2955.16	2998.41	2955.16	2989.74	24614	0	5
2024.11.09	04:00:00	2989.59	3052.98	2956.74	3042.00	29398	0	5
2024.11.09	08:00:00	3042.26	3061.62	3023.28	3033.09	16272	0	5
2024.11.09	12:00:00	3053.68	3057.57	3032.26	3048.97	13003	0	1
2024.11.09	16:00:00	3048.90	3050.77	2992.30	3038.36	31657	0	5
2024.11.09	20:00:00	3038.52	3096.70	3033.00	3078.75	32877	0	0
2024.11.10	00:00:00	3079.60	3159.10	3074.71	3121.96	34794	0	5
2024.11.10	04:00:00	3121.56	3216.06	3120.76	3182.53	38252	0	5
2024.11.10	08:00:00	3182.77	3204.50	3164.49	3190.00	34602	0	5
2024.11.10	12:00:00	3190.00	3239.02	3181.55	3204.93	37961	0	5
2024.11.10	16:00:00	3205.03	3244.98	3170.60	3214.67	24597	0	5
2024.11.10	20:00:00	3214.67	3251.46	3070.19	3170.94	29893	0	5
2024.11.11	00:00:00	3171.27	3227.45	3151.08	3201.42	37852	0	0
2024.11.11	04:00:00	3201.42	3216.43	3107.88	3132.48	34992	0	0
2024.11.11	08:00:00	3132.08	3188.50	3120.44	3177.73	34830	0	0
2024.11.11	12:00:00	3177.85	3214.92	3141.72	3154.65	38893	0	0
2024.11.11	16:00:00	3154.48	3326.91	3147.41	3299.62	46868	0	0
2024.11.11	20:00:00	3300.02	3375.06	3276.02	3328.61	42794	0	0
2024.11.12	00:00:00	3326.69	3392.20	3254.70	3322.16	42716	0	0
2024.11.12	04:00:00	3322.19	3355.13	3286.68	3332.70	39898	0	0
2024.11.12	08:00:00	3332.70	3446.82	3325.67	3362.15	41097	0	0
2024.11.12	12:00:00	3361.91	3376.94	3210.33	3262.99	49216	0	0
2024.11.12	16:00:00	3262.79	3295.44	3212.61	3232.77	46412	0	0
2024.11.12	20:00:00	3232.93	3309.63	3230.26	3281.46	37183	0	0
2024.11.13	00:00:00	3284.15	3294.44	3225.64	3275.29	34917	0	1
2024.11.13	04:00:00	3275.17	3280.84	3135.96	3144.95	36736	0	0
2024.11.13	08:00:00	3144.99	3186.69	3120.94	3165.79	35341	0	0
2024.11.13	12:00:00	3165.79	3248.68	3146.73	3222.47	35642	0	0
2024.11.13	16:00:00	3222.26	3339.10	3201.54	3279.55	48014	0	0
2024.11.13	20:00:00	3279.56	3292.26	3121.94	3154.20	44604	0	0
2024.11.14	00:00:00	3168.08	3220.25	3162.92	3219.05	31408	0	1
2024.11.14	04:00:00	3218.88	3241.70	3182.86	3224.12	27551	0	0
2024.11.14	08:00:00	3224.24	3241.14	3175.63	3206.21	29415	0	0
2024.11.14	12:00:00	3206.18	3221.34	3156.96	3168.74	36454	0	0
2024.11.14	16:00:00	3168.58	3196.53	3060.35	3131.96	43124	0	0
2024.11.14	20:00:00	3131.96	3150.90	3082.30	3119.33	35384	0	0
2024.11.15	00:00:00	3120.44	3121.13	3031.12	3065.17	38000	0	0
2024.11.15	04:00:00	3065.15	3091.50	3015.71	3058.00	35955	0	0
2024.11.15	08:00:00	3057.74	3114.72	3023.49	3097.26	35826	0	0
2024.11.15	12:00:00	3097.28	3131.89	3081.87	3103.55	36105	0	0
2024.11.15	16:00:00	3103.46	3107.95	3015.55	3037.02	44158	0	0
2024.11.15	20:00:00	3036.78	3102.44	3015.93	3092.29	36399	0	0
2024.11.16	00:00:00	3085.38	3120.92	3072.26	3100.01	34659	0	5
2024.11.16	04:00:00	3099.70	3166.74	3095.07	3132.65	35760	0	5
2024.11.16	08:00:00	3132.55	3133.84	3102.72	3107.80	18083	0	5
2024.11.16	12:00:00	3196.65	3221.00	3158.40	3173.66	19662	0	5
2024.11.16	16:00:00	3173.67	3183.66	3121.88	3167.70	29341	0	5
2024.11.16	20:00:00	3167.85	3186.67	3145.44	3155.50	22369	0	5
2024.11.17	00:00:00	3152.11	3165.19	3074.43	3086.34	31149	0	5
2024.11.17	04:00:00	3086.75	3136.47	3036.49	3103.14	35286	0	5
2024.11.17	08:00:00	3103.23	3162.68	3101.60	3141.81	37373	0	5
2024.11.17	12:00:00	3141.71	3152.77	3076.12	3103.26	34772	0	5
2024.11.17	16:00:00	3103.26	3115.70	3066.84	3106.97	24050	0	5
2024.11.17	20:00:00	3106.98	3108.15	3055.23	3061.77	25267	0	5
2024.11.18	00:00:00	3046.27	3124.40	3042.98	3115.49	28051	0	0
2024.11.18	04:00:00	3115.49	3124.57	3094.81	3118.23	22343	0	0
2024.11.18	08:00:00	3118.18	3149.86	3102.12	3107.02	27669	0	0
2024.11.18	12:00:00	3106.72	3123.38	3050.68	3068.41	31995	0	0
2024.11.18	16:00:00	3068.41	3190.98	3059.61	3177.00	41332	0	0
2024.11.18	20:00:00	3177.65	3201.06	3092.88	3151.46	38357	0	0
2024.11.19	00:00:00	3152.48	3226.39	3142.65	3146.39	29854	0	0
2024.11.19	04:00:00	3146.31	3163.10	3117.96	3137.12	20798	0	0
2024.11.19	08:00:00	3136.93	3136.93	3093.45	3112.78	25170	0	0
2024.11.19	12:00:00	3112.67	3151.89	3080.82	3084.50	30636	0	0
2024.11.19	16:00:00	3084.26	3132.39	3077.80	3121.04	37547	0	0
2024.11.19	20:00:00	3121.02	3149.04	3072.01	3096.51	37094	0	0
2024.11.20	00:00:00	3101.29	3128.36	3070.34	3104.02	23930	0	0
2024.11.20	04:00:00	3104.02	3118.61	3075.42	3112.14	24677	0	0
2024.11.20	08:00:00	3112.14	3138.57	3102.23	3121.69	24761	0	0
2024.11.20	12:00:00	3121.69	3124.33	3085.05	3116.73	32017	0	0
2024.11.20	16:00:00	3116.73	3162.26	3067.67	3067.67	45244	0	0
2024.11.20	20:00:00	3067.72	3086.57	3032.54	3080.95	37007	0	0
2024.11.21	00:00:00	3085.30	3100.18	3066.11	3081.77	24001	0	0
2024.11.21	04:00:00	3081.83	3145.61	3035.58	3109.82	39485	0	0
2024.11.21	08:00:00	3109.72	3150.01	3101.00	3127.33	33271	0	0
2024.11.21	12:00:00	3127.47	3367.44	3119.45	3349.45	41429	0	0
2024.11.21	16:00:00	3349.51	3373.33	3239.12	3352.08	44871	0	0
2024.11.21	20:00:00	3352.58	3390.33	3338.10	3349.86	40479	0	0
2024.11.22	00:00:00	3355.29	3383.53	3308.78	3325.62	30356	0	0
2024.11.22	04:00:00	3325.84	3430.10	3323.67	3380.04	35624	0	0
2024.11.22	08:00:00	3379.95	3390.89	3354.04	3367.54	36419	0	0
2024.11.22	12:00:00	3367.54	3373.42	3262.53	3296.93	40670	0	0
2024.11.22	16:00:00	3296.90	3327.82	3283.92	3300.80	44548	0	0
2024.11.22	20:00:00	3300.59	3322.09	3268.47	3321.08	35757	0	0
2024.11.23	00:00:00	3307.23	3369.51	3307.23	3348.69	23509	0	5
2024.11.23	04:00:00	3349.05	3368.44	3317.20	3353.75	30202	0	5
2024.11.23	08:00:00	3354.55	3358.43	3340.11	3346.20	10873	0	5
2024.11.23	12:00:00	3359.42	3450.88	3353.27	3441.39	17341	0	5
2024.11.23	16:00:00	3440.87	3503.20	3386.64	3432.51	38355	0	5
2024.11.23	20:00:00	3432.57	3438.88	3382.42	3421.18	29542	0	4
2024.11.24	00:00:00	3423.11	3442.11	3385.55	3438.03	25099	0	5
2024.11.24	04:00:00	3438.36	3454.89	3402.61	3418.41	24945	0	5
2024.11.24	08:00:00	3418.70	3434.47	3391.66	3407.50	17140	0	5
2024.11.24	12:00:00	3407.54	3408.84	3283.74	3327.41	28227	0	1
2024.11.24	16:00:00	3327.42	3334.53	3286.70	3310.70	34415	0	5
2024.11.24	20:00:00	3310.72	3348.69	3308.28	3346.86	25126	0	5
2024.11.25	00:00:00	3349.67	3375.38	3303.91	3331.67	32796	0	1
2024.11.25	04:00:00	3331.61	3395.51	3331.07	3386.14	28661	0	1
2024.11.25	08:00:00	3386.14	3487.43	3374.21	3480.51	31672	0	0
2024.11.25	12:00:00	3480.51	3530.10	3451.75	3479.03	40482	0	0
2024.11.25	16:00:00	3479.33	3546.88	3348.43	3461.15	47560	0	0
2024.11.25	20:00:00	3461.36	3507.48	3416.62	3440.01	39765	0	0
2024.11.26	00:00:00	3433.79	3472.31	3363.53	3450.12	36433	0	0
2024.11.26	04:00:00	3450.12	3457.89	3411.36	3433.29	28451	0	0
2024.11.26	08:00:00	3433.41	3444.73	3344.12	3358.34	40316	0	0
2024.11.26	12:00:00	3358.37	3369.71	3279.76	3310.62	45501	0	0
2024.11.26	16:00:00	3310.61	3362.42	3289.49	3328.71	43928	0	0
2024.11.26	20:00:00	3328.73	3334.28	3254.99	3322.98	41923	0	0
2024.11.27	00:00:00	3332.28	3346.29	3301.68	3341.43	29961	0	0
2024.11.27	04:00:00	3341.57	3434.38	3317.74	3399.31	33108	0	0
2024.11.27	08:00:00	3399.31	3445.51	3397.82	3412.80	35012	0	0
2024.11.27	12:00:00	3412.61	3505.92	3411.39	3505.92	36288	0	0
2024.11.27	16:00:00	3505.92	3579.36	3469.94	3564.96	44626	0	0
2024.11.27	20:00:00	3565.18	3652.30	3558.64	3638.91	33093	0	0
2024.11.28	00:00:00	3648.65	3689.82	3622.18	3643.01	35351	0	0
2024.11.28	04:00:00	3643.22	3648.83	3570.47	3592.74	30086	0	0
2024.11.28	08:00:00	3592.74	3640.35	3570.44	3600.78	31502	0	0
2024.11.28	12:00:00	3601.01	3643.41	3579.76	3590.07	40428	0	0
2024.11.28	16:00:00	3590.02	3609.05	3531.01	3554.21	35686	0	0
2024.11.28	20:00:00	3554.21	3585.61	3549.44	3572.28	21391	0	0
2024.11.29	00:00:00	3572.91	3599.58	3550.95	3565.50	25867	0	0
2024.11.29	04:00:00	3565.46	3603.51	3564.04	3579.25	24902	0	0
2024.11.29	08:00:00	3579.25	3587.78	3534.87	3569.32	28998	0	0
2024.11.29	12:00:00	3569.32	3617.95	3563.21	3612.51	34945	0	0
2024.11.29	16:00:00	3612.22	3649.94	3580.66	3586.64	41908	0	0
2024.11.29	20:00:00	3586.64	3606.65	3562.82	3594.37	22832	0	0
2024.11.30	00:00:00	3599.62	3624.88	3568.74	3601.32	15168	0	5
2024.11.30	04:00:00	3601.02	3697.18	3594.63	3697.06	21942	0	5
2024.11.30	08:00:00	3695.81	3729.19	3687.81	3704.71	11735	0	5
2024.11.30	12:00:00	3655.60	3684.86	3654.27	3669.76	8171	0	5
2024.11.30	16:00:00	3669.75	3689.23	3653.63	3678.72	17552	0	3
2024.11.30	20:00:00	3678.70	3736.44	3665.77	3721.59	14360	0	4
2024.12.01	00:00:00	3707.36	3740.29	3677.41	3712.55	20540	0	5
2024.12.01	04:00:00	3711.84	3716.44	3661.35	3685.37	18999	0	5
2024.12.01	08:00:00	3685.35	3720.88	3683.86	3702.90	14660	0	5
2024.12.01	12:00:00	3702.98	3719.20	3677.74	3702.71	15072	0	3
2024.12.01	16:00:00	3702.68	3748.98	3694.85	3727.28	18938	0	5
2024.12.01	20:00:00	3727.27	3734.46	3682.22	3709.41	13963	0	5
2024.12.02	00:00:00	3719.34	3741.81	3695.70	3734.92	30663	0	0
2024.12.02	04:00:00	3734.97	3763.13	3652.36	3678.73	34781	0	0
2024.12.02	08:00:00	3678.74	3688.60	3588.69	3623.29	40796	0	0
2024.12.02	12:00:00	3623.28	3631.14	3570.17	3627.77	44651	0	0
2024.12.02	16:00:00	3627.75	3684.74	3556.65	3567.18	46867	0	0
2024.12.02	20:00:00	3567.35	3635.32	3565.17	3617.32	41553	0	0
2024.12.03	00:00:00	3616.71	3654.68	3600.11	3620.39	33152	0	0
2024.12.03	04:00:00	3620.36	3665.42	3609.07	3655.86	28858	0	0
2024.12.03	08:00:00	3655.86	3671.28	3597.65	3611.64	40142	0	0
2024.12.03	12:00:00	3611.64	3619.73	3537.43	3545.39	40036	0	0
2024.12.03	16:00:00	3545.06	3599.37	3502.18	3580.44	46647	0	0
2024.12.03	20:00:00	3580.34	3631.12	3551.70	3614.92	33796	0	0
2024.12.04	00:00:00	3606.50	3710.83	3604.50	3689.45	35190	0	0
2024.12.04	04:00:00	3689.45	3691.46	3633.27	3685.05	26404	0	0
2024.12.04	08:00:00	3685.05	3735.22	3666.52	3729.14	35884	0	0
2024.12.04	12:00:00	3728.88	3753.14	3692.00	3710.44	39392	0	0
2024.12.04	16:00:00	3709.81	3858.82	3694.71	3814.92	48557	0	0
2024.12.04	20:00:00	3814.92	3897.99	3800.95	3845.51	42897	0	0
2024.12.05	00:00:00	3842.73	3877.50	3772.62	3806.37	37655	0	0
2024.12.05	04:00:00	3806.28	3907.68	3802.53	3849.52	35295	0	0
2024.12.05	08:00:00	3849.52	3926.41	3822.97	3924.63	28192	0	0
2024.12.05	12:00:00	3924.62	3947.58	3912.18	3921.98	30665	0	0
2024.12.05	16:00:00	3922.06	3960.08	3866.05	3921.15	41064	0	0
2024.12.05	20:00:00	3921.40	3926.16	3781.94	3861.25	36099	0	0
2024.12.06	00:00:00	3862.87	3891.67	3688.61	3872.34	38986	0	0
2024.12.06	04:00:00	3872.34	3917.17	3852.80	3892.35	30696	0	0
2024.12.06	08:00:00	3892.35	3932.97	3859.67	3872.45	37228	0	0
2024.12.06	12:00:00	3872.41	3898.65	3837.28	3893.31	41111	0	0
2024.12.06	16:00:00	3893.25	4047.85	3879.09	4021.97	42668	0	0
2024.12.06	20:00:00	4021.97	4096.84	4013.89	4031.24	33415	0	0
2024.12.07	00:00:00	4021.02	4034.57	3985.40	3988.49	27507	0	5
2024.12.07	04:00:00	3988.54	4009.88	3975.93	3996.35	31767	0	5
2024.12.07	08:00:00	3996.55	4000.04	3973.39	3991.63	14580	0	5
2024.12.07	12:00:00	4003.83	4014.70	3992.88	3999.20	9312	0	5
2024.12.07	16:00:00	3999.20	4013.45	3980.03	3996.31	26680	0	5
2024.12.07	20:00:00	3996.52	4028.50	3996.15	4009.45	18692	0	5
2024.12.08	00:00:00	4007.11	4018.86	3991.05	3997.64	25183	0	5
2024.12.08	04:00:00	3997.92	4007.83	3966.73	3975.64	30334	0	2
2024.12.08	08:00:00	3975.53	3992.59	3926.79	3940.02	30064	0	5
2024.12.08	12:00:00	3940.02	4008.28	3940.02	4001.63	28553	0	5
2024.12.08	16:00:00	4001.23	4005.50	3961.73	3988.22	31823	0	5
2024.12.08	20:00:00	3988.22	3995.97	3965.54	3992.60	12685	0	5
2024.12.09	00:00:00	3995.71	4019.58	3945.51	3947.76	24530	0	0
2024.12.09	04:00:00	3947.78	3962.07	3906.26	3946.04	25262	0	0
2024.12.09	08:00:00	3946.15	3946.28	3850.52	3873.90	35037	0	0
2024.12.09	12:00:00	3873.81	3903.23	3836.13	3896.94	38440	0	0
2024.12.09	16:00:00	3897.08	3946.67	3804.40	3827.04	43165	0	0
2024.12.09	20:00:00	3827.31	3857.64	3512.07	3700.34	41541	0	0
2024.12.10	00:00:00	3695.35	3783.04	3528.95	3760.23	38469	0	0
2024.12.10	04:00:00	3760.78	3760.99	3617.70	3704.66	36054	0	0
2024.12.10	08:00:00	3704.66	3768.67	3693.57	3753.28	33107	0	0
2024.12.10	12:00:00	3753.77	3775.52	3666.96	3695.54	43186	0	0
2024.12.10	16:00:00	3695.60	3733.90	3522.66	3529.36	49583	0	0
2024.12.10	20:00:00	3529.40	3675.67	3517.36	3641.91	42515	0	0
2024.12.11	00:00:00	3652.53	3659.00	3567.71	3570.35	33555	0	0
2024.12.11	04:00:00	3570.38	3682.96	3565.39	3661.61	33779	0	0
2024.12.11	08:00:00	3662.10	3709.28	3652.09	3702.53	33654	0	0
2024.12.11	12:00:00	3702.57	3752.81	3695.75	3746.04	30701	0	0
2024.12.11	16:00:00	3746.04	3824.96	3718.57	3766.89	42256	0	0
2024.12.11	20:00:00	3766.71	3845.92	3757.66	3832.99	30470	0	0
2024.12.12	00:00:00	3833.20	3852.93	3800.18	3808.53	28376	0	0
2024.12.12	04:00:00	3808.14	3951.60	3805.89	3927.48	31617	0	0
2024.12.12	08:00:00	3928.19	3944.38	3902.77	3924.72	30071	0	0
2024.12.12	12:00:00	3924.06	3981.33	3893.13	3944.42	39047	0	0
2024.12.12	16:00:00	3944.22	3989.52	3930.40	3963.93	38215	0	0
2024.12.12	20:00:00	3963.93	3968.78	3854.37	3867.22	34282	0	0
2024.12.13	00:00:00	3856.43	3908.23	3837.17	3886.57	30108	0	0
2024.12.13	04:00:00	3886.62	3942.92	3879.86	3910.29	25375	0	0
2024.12.13	08:00:00	3910.29	3928.90	3871.97	3890.16	32842	0	0
2024.12.13	12:00:00	3890.16	3937.73	3872.55	3925.64	34058	0	0
2024.12.13	16:00:00	3925.65	3970.06	3879.38	3940.28	40842	0	0
2024.12.13	20:00:00	3940.22	3942.57	3893.90	3904.46	21193	0	0
2024.12.14	00:00:00	3901.11	3945.75	3893.64	3925.55	26608	0	5
2024.12.14	04:00:00	3925.55	3927.75	3902.79	3920.85	28859	0	5
2024.12.14	08:00:00	3920.79	3937.09	3918.63	3922.45	12608	0	5
2024.12.14	12:00:00	3894.37	3899.45	3846.26	3864.26	17427	0	5
2024.12.14	16:00:00	3864.00	3898.87	3841.55	3859.00	31365	0	5
2024.12.14	20:00:00	3858.91	3866.21	3824.01	3846.49	26156	0	5
2024.12.15	00:00:00	3847.10	3896.32	3837.87	3890.70	25260	0	5
2024.12.15	04:00:00	3890.71	3910.50	3871.90	3892.33	25145	0	5
2024.12.15	08:00:00	3892.72	3895.47	3830.52	3862.52	29725	0	5
2024.12.15	12:00:00	3862.64	3895.02	3858.03	3885.05	25483	0	5
2024.12.15	16:00:00	3885.23	3919.53	3882.75	3910.29	23703	0	3
2024.12.15	20:00:00	3910.28	3913.78	3843.11	3854.44	19492	0	5
2024.12.16	00:00:00	3851.43	4022.52	3850.40	4007.68	27669	0	0
2024.12.16	04:00:00	4007.68	4009.92	3926.61	3965.62	21179	0	0
2024.12.16	08:00:00	3965.62	3981.92	3933.77	3942.22	21792	0	0
2024.12.16	12:00:00	3942.31	3953.49	3882.19	3897.36	29122	0	0
2024.12.16	16:00:00	3897.36	4042.89	3897.20	4035.21	34707	0	0
2024.12.16	20:00:00	4035.12	4109.47	4019.48	4048.77	32632	0	0
2024.12.17	00:00:00	4053.25	4055.18	3945.58	3988.78	28060	0	0
2024.12.17	04:00:00	3989.40	4042.34	3988.96	4024.57	22069	0	0
2024.12.17	08:00:00	4024.57	4031.87	3983.80	4027.55	26371	0	0
2024.12.17	12:00:00	4027.55	4030.34	3986.68	4007.30	24657	0	0
2024.12.17	16:00:00	4007.35	4026.30	3917.01	3975.08	35662	0	0
2024.12.17	20:00:00	3974.96	3982.19	3917.63	3932.22	26899	0	0
2024.12.18	00:00:00	3936.73	3938.46	3835.49	3846.03	33462	0	0
2024.12.18	04:00:00	3846.00	3881.43	3814.46	3837.17	33429	0	0
2024.12.18	08:00:00	3837.17	3877.68	3805.12	3869.25	28238	0	0
2024.12.18	12:00:00	3869.22	3890.87	3852.53	3855.86	26635	0	0
2024.12.18	16:00:00	3855.82	3892.44	3824.22	3879.46	35666	0	0
2024.12.18	20:00:00	3879.58	3906.03	3641.00	3690.53	41879	0	0
2024.12.19	00:00:00	3680.09	3701.26	3594.36	3607.07	32228	0	0
2024.12.19	04:00:00	3607.42	3678.32	3540.60	3668.85	31983	0	0
2024.12.19	08:00:00	3668.75	3696.10	3662.50	3678.16	23939	0	0
2024.12.19	12:00:00	3678.10	3718.80	3669.30	3676.70	26474	0	0
2024.12.19	16:00:00	3676.70	3701.32	3390.33	3474.58	44587	0	0
2024.12.19	20:00:00	3474.31	3525.48	3322.11	3417.75	47184	0	0
2024.12.20	00:00:00	3420.98	3462.12	3369.19	3375.78	36444	0	0
2024.12.20	04:00:00	3375.95	3461.27	3349.51	3354.15	32480	0	0
2024.12.20	08:00:00	3354.15	3415.35	3257.02	3261.95	44711	0	0
2024.12.20	12:00:00	3261.92	3310.44	3096.74	3293.80	50463	0	0
2024.12.20	16:00:00	3293.80	3452.24	3269.99	3437.19	49266	0	0
2024.12.20	20:00:00	3437.88	3498.39	3392.76	3438.40	39614	0	0
2024.12.21	00:00:00	3457.10	3488.39	3445.99	3471.77	27120	0	5
2024.12.21	04:00:00	3472.03	3532.63	3454.26	3532.12	31991	0	5
2024.12.21	08:00:00	3531.80	3555.00	3504.14	3522.02	18483	0	5
2024.12.21	12:00:00	3438.56	3441.82	3345.20	3389.35	21050	0	5
2024.12.21	16:00:00	3388.88	3416.36	3347.53	3380.17	39463	0	5
2024.12.21	20:00:00	3380.18	3390.21	3300.00	3314.17	28762	0	5
2024.12.22	00:00:00	3298.19	3372.11	3290.91	3352.08	30919	0	5
2024.12.22	04:00:00	3351.72	3364.21	3290.77	3325.54	37249	0	5
2024.12.22	08:00:00	3325.99	3397.95	3317.62	3378.68	33288	0	5
2024.12.22	12:00:00	3378.70	3398.48	3358.44	3367.20	33565	0	5
2024.12.22	16:00:00	3367.20	3374.49	3270.52	3309.91	39825	0	5
2024.12.22	20:00:00	3310.15	3334.43	3215.03	3276.76	36489	0	4
2024.12.23	00:00:00	3265.34	3302.72	3214.60	3259.35	35469	0	0
2024.12.23	04:00:00	3259.35	3360.53	3227.53	3316.67	37701	0	0
2024.12.23	08:00:00	3316.65	3341.36	3258.52	3334.42	43528	0	0
2024.12.23	12:00:00	3334.50	3358.67	3304.05	3314.34	40732	0	0
2024.12.23	16:00:00	3314.34	3380.49	3265.74	3333.35	46878	0	0
2024.12.23	20:00:00	3332.93	3455.80	3292.90	3418.90	38808	0	0
2024.12.24	00:00:00	3419.45	3462.84	3373.46	3379.82	26212	0	0
2024.12.24	04:00:00	3379.82	3430.70	3353.29	3419.51	20407	0	0
2024.12.24	08:00:00	3419.51	3422.76	3380.61	3394.79	31007	0	0
2024.12.24	12:00:00	3394.72	3452.52	3385.01	3449.69	35509	0	0
2024.12.24	16:00:00	3449.45	3516.72	3427.47	3500.89	35970	0	0
2024.12.24	20:00:00	3500.73	3537.87	3430.61	3487.83	23866	0	0
2024.12.25	00:00:00	3489.47	3503.85	3464.47	3471.41	18268	0	0
2024.12.25	04:00:00	3471.51	3496.94	3455.96	3490.21	17102	0	0
2024.12.25	08:00:00	3490.21	3507.28	3477.91	3492.74	24572	0	0
2024.12.25	12:00:00	3492.74	3545.26	3456.14	3480.46	29958	0	0
2024.12.25	16:00:00	3480.46	3498.92	3437.97	3467.80	25911	0	0
2024.12.25	20:00:00	3467.80	3485.42	3447.67	3464.78	16212	0	0
2024.12.26	00:00:00	3464.64	3512.57	3458.10	3473.96	17735	0	0
2024.12.26	04:00:00	3474.01	3478.23	3425.37	3438.79	18968	0	0
2024.12.26	08:00:00	3438.79	3447.55	3344.15	3369.14	26374	0	0
2024.12.26	12:00:00	3369.16	3380.76	3333.52	3350.96	24045	0	0
2024.12.26	16:00:00	3350.86	3370.72	3311.46	3325.03	34305	0	0
2024.12.26	20:00:00	3325.03	3340.63	3301.42	3333.64	24313	0	0
2024.12.27	00:00:00	3335.10	3370.05	3307.30	3359.75	21004	0	0
2024.12.27	04:00:00	3359.42	3388.30	3348.17	3380.64	21469	0	0
2024.12.27	08:00:00	3380.64	3438.93	3314.01	3419.44	38593	0	0
2024.12.27	12:00:00	3419.48	3426.04	3375.80	3384.59	31212	0	0
2024.12.27	16:00:00	3384.40	3390.19	3302.25	3345.64	36345	0	0
2024.12.27	20:00:00	3345.48	3362.33	3313.18	3315.16	19230	0	0
2024.12.28	00:00:00	3301.40	3343.16	3301.40	3328.92	20586	0	5
2024.12.28	04:00:00	3328.92	3354.74	3321.95	3343.17	18868	0	5
2024.12.28	08:00:00	3343.17	3345.61	3326.67	3328.99	10560	0	5
2024.12.28	12:00:00	3353.74	3364.93	3345.37	3359.67	10756	0	5
2024.12.28	16:00:00	3359.67	3407.19	3358.12	3388.75	27778	0	5
2024.12.28	20:00:00	3388.61	3400.12	3378.85	3397.55	15222	0	5
2024.12.29	00:00:00	3393.03	3421.07	3370.22	3373.06	19074	0	5
2024.12.29	04:00:00	3373.06	3387.98	3370.46	3381.62	13979	0	5
2024.12.29	08:00:00	3381.79	3404.62	3373.61	3400.03	9009	0	5
2024.12.29	12:00:00	3400.03	3408.06	3381.31	3393.40	11784	0	5
2024.12.29	16:00:00	3393.40	3405.01	3339.34	3355.15	10318	0	1
2024.12.29	20:00:00	3355.15	3363.49	3326.45	3343.40	12586	0	5
2024.12.30	00:00:00	3341.99	3430.30	3320.04	3413.95	23745	0	0
2024.12.30	04:00:00	3413.86	3419.52	3381.00	3401.22	15402	0	0
2024.12.30	08:00:00	3401.18	3428.46	3399.74	3415.84	17763	0	0
2024.12.30	12:00:00	3415.84	3425.59	3324.96	3330.43	26445	0	0
2024.12.30	16:00:00	3330.59	3403.76	3297.40	3385.69	37464	0	0
2024.12.30	20:00:00	3385.61	3415.99	3304.86	3314.18	27593	0	0
2024.12.31	00:00:00	3322.43	3362.84	3310.27	3335.28	22992	0	0
2024.12.31	04:00:00	3335.28	3348.09	3323.19	3339.77	20259	0	0
2024.12.31	08:00:00	3339.77	3404.26	3335.40	3384.34	30941	0	0
2024.12.31	12:00:00	3384.40	3436.90	3374.58	3423.75	24693	0	0
2024.12.31	16:00:00	3423.65	3446.62	3324.81	3357.67	31127	0	0
2024.12.31	20:00:00	3357.72	3368.10	3325.41	3346.11	23986	0	2
2025.01.01	00:00:00	3339.43	3359.52	3322.01	3339.94	13632	0	1
2025.01.01	04:00:00	3339.94	3360.85	3331.97	3337.53	10513	0	4
2025.01.01	08:00:00	3337.53	3342.06	3307.88	3328.24	14425	0	0
2025.01.01	12:00:00	3328.27	3346.71	3316.67	3336.56	19773	0	0
2025.01.01	16:00:00	3336.56	3352.51	3314.80	3336.22	22350	0	0
2025.01.01	20:00:00	3336.22	3364.18	3325.73	3361.15	17844	0	2
2025.01.02	00:00:00	3356.22	3398.70	3345.50	3377.32	19769	0	1
2025.01.02	04:00:00	3377.26	3421.33	3371.07	3406.53	16149	0	0
2025.01.02	08:00:00	3406.53	3466.13	3396.18	3463.71	20385	0	0
2025.01.02	12:00:00	3463.70	3480.95	3453.52	3462.56	23982	0	0
2025.01.02	16:00:00	3462.64	3506.04	3426.74	3446.87	35508	0	0
2025.01.02	20:00:00	3446.87	3472.54	3437.01	3450.88	20219	0	0
2025.01.03	00:00:00	3448.41	3463.19	3418.79	3461.40	13892	0	0
2025.01.03	04:00:00	3461.40	3473.57	3441.62	3452.84	13617	0	0
2025.01.03	08:00:00	3452.84	3459.20	3420.82	3441.36	17331	0	0
2025.01.03	12:00:00	3441.36	3494.73	3435.83	3478.96	19998	0	0
2025.01.03	16:00:00	3478.96	3596.80	3478.66	3572.75	33315	0	0
2025.01.03	20:00:00	3572.75	3629.44	3571.66	3612.88	20619	0	0
2025.01.04	00:00:00	3607.95	3620.38	3581.52	3596.15	21078	0	5
2025.01.04	04:00:00	3595.69	3600.94	3581.59	3594.94	25896	0	5
2025.01.04	08:00:00	3594.81	3608.32	3591.04	3592.42	10871	0	5
2025.01.04	12:00:00	3601.17	3650.33	3599.93	3645.23	15795	0	5
2025.01.04	16:00:00	3645.38	3663.57	3594.34	3634.07	33076	0	5
2025.01.04	20:00:00	3634.15	3671.83	3618.78	3657.54	28035	0	5
2025.01.05	00:00:00	3651.78	3676.11	3630.71	3635.83	25515	0	5
2025.01.05	04:00:00	3635.76	3649.63	3628.52	3632.96	23973	0	5
2025.01.05	08:00:00	3632.64	3642.10	3604.15	3608.35	16989	0	5
2025.01.05	12:00:00	3608.35	3626.71	3601.40	3613.73	12229	0	5
2025.01.05	16:00:00	3613.87	3647.33	3593.33	3627.47	13996	0	5
2025.01.05	20:00:00	3627.47	3656.66	3612.80	3647.21	8407	0	5
2025.01.06	00:00:00	3640.16	3654.40	3609.45	3647.04	14833	0	1
2025.01.06	04:00:00	3647.04	3696.64	3643.69	3679.10	19871	0	1
2025.01.06	08:00:00	3679.10	3683.59	3634.97	3643.58	16555	0	0
2025.01.06	12:00:00	3643.58	3661.87	3623.86	3649.68	17294	0	0
2025.01.06	16:00:00	3649.68	3744.97	3620.82	3674.18	31158	0	0
2025.01.06	20:00:00	3674.24	3704.93	3662.29	3668.51	19896	0	1
2025.01.07	00:00:00	3669.29	3698.06	3664.88	3696.11	14282	0	0
2025.01.07	04:00:00	3695.98	3702.23	3658.86	3669.63	13315	0	0
2025.01.07	08:00:00	3669.63	3680.83	3652.71	3661.14	13596	0	0
2025.01.07	12:00:00	3661.14	3665.75	3625.43	3636.08	17217	0	0
2025.01.07	16:00:00	3636.08	3641.96	3412.72	3440.93	39274	0	0
2025.01.07	20:00:00	3440.93	3457.82	3361.10	3362.90	33818	0	0
2025.01.08	00:00:00	3368.18	3414.95	3367.98	3390.62	21541	0	0
2025.01.08	04:00:00	3390.74	3403.56	3336.87	3351.32	28397	0	0
2025.01.08	08:00:00	3351.32	3375.89	3306.54	3346.62	30508	0	0
2025.01.08	12:00:00	3346.72	3372.51	3322.22	3357.71	30046	0	0
2025.01.08	16:00:00	3357.57	3385.63	3206.40	3262.54	40713	0	0
2025.01.08	20:00:00	3262.54	3330.89	3258.75	3298.37	35412	0	0
2025.01.09	00:00:00	3301.64	3357.12	3301.07	3345.51	16504	0	0
2025.01.09	04:00:00	3345.51	3350.85	3306.12	3327.30	20705	0	0
2025.01.09	08:00:00	3327.30	3333.61	3266.38	3316.31	27747	0	0
2025.01.09	12:00:00	3316.42	3324.68	3211.66	3219.64	31282	0	0
2025.01.09	16:00:00	3219.96	3336.95	3209.23	3250.29	37386	0	0
2025.01.09	20:00:00	3250.59	3270.88	3157.04	3207.92	33160	0	0
2025.01.10	00:00:00	3211.02	3240.32	3187.43	3236.86	22488	0	0
2025.01.10	04:00:00	3236.85	3281.80	3230.72	3263.91	21537	0	0
2025.01.10	08:00:00	3263.68	3313.79	3260.17	3302.75	30571	0	0
2025.01.10	12:00:00	3302.75	3321.80	3216.54	3244.34	28573	0	0
2025.01.10	16:00:00	3244.34	3321.66	3194.91	3314.83	42639	0	0
2025.01.10	20:00:00	3314.83	3314.83	3256.77	3264.96	25868	0	0
2025.01.11	00:00:00	3259.78	3280.70	3235.43	3244.94	10279	0	3
2025.01.11	04:00:00	3245.14	3251.65	3229.08	3245.20	9762	0	5
2025.01.11	08:00:00	3245.14	3250.35	3224.32	3234.51	3596	0	5
2025.01.11	12:00:00	3271.70	3279.92	3256.62	3266.36	5508	0	5
2025.01.11	16:00:00	3266.36	3280.87	3256.38	3269.96	14037	0	5
2025.01.11	20:00:00	3269.95	3318.94	3265.28	3304.83	16693	0	2
2025.01.12	00:00:00	3301.57	3305.08	3272.59	3287.19	14279	0	5
2025.01.12	04:00:00	3287.16	3289.16	3272.16	3277.45	11744	0	5
2025.01.12	08:00:00	3277.45	3278.98	3222.90	3236.81	14013	0	5
2025.01.12	12:00:00	3236.75	3269.54	3231.74	3265.08	19459	0	5
2025.01.12	16:00:00	3265.20	3292.82	3263.40	3287.24	16055	0	5
2025.01.12	20:00:00	3286.48	3298.57	3261.98	3264.04	9132	0	5
2025.01.13	00:00:00	3264.74	3337.13	3232.79	3260.12	22324	0	0
2025.01.13	04:00:00	3260.03	3269.67	3211.73	3223.74	22995	0	0
2025.01.13	08:00:00	3223.96	3232.12	3124.69	3153.63	32994	0	0
2025.01.13	12:00:00	3153.63	3154.92	3029.69	3057.78	38605	0	0
2025.01.13	16:00:00	3057.78	3077.33	2920.64	3019.86	44781	0	0
2025.01.13	20:00:00	3019.78	3119.60	2985.26	3113.79	38936	0	0
2025.01.14	00:00:00	3118.33	3158.04	3112.76	3137.80	21024	0	0
2025.01.14	04:00:00	3137.65	3181.03	3130.39	3160.62	16084	0	0
2025.01.14	08:00:00	3160.62	3256.29	3156.36	3243.76	22752	0	0
2025.01.14	12:00:00	3243.83	3244.41	3177.58	3207.27	23781	0	0
2025.01.14	16:00:00	3207.27	3232.57	3171.12	3211.13	31452	0	0
2025.01.14	20:00:00	3211.26	3234.35	3193.29	3214.72	24236	0	0
2025.01.15	00:00:00	3215.68	3243.56	3212.66	3228.79	17200	0	0
2025.01.15	04:00:00	3228.92	3250.47	3203.53	3227.93	18193	0	4
2025.01.15	08:00:00	3227.93	3249.19	3195.49	3197.98	14873	0	0
2025.01.15	12:00:00	3197.98	3298.52	3184.80	3298.22	20959	0	0
2025.01.15	16:00:00	3297.83	3366.65	3275.03	3325.37	29085	0	0
2025.01.15	20:00:00	3325.78	3474.58	3325.68	3432.63	19158	0	2
2025.01.16	00:00:00	3428.96	3460.19	3387.68	3403.56	20056	0	0
2025.01.16	04:00:00	3403.37	3406.11	3346.50	3367.64	14267	0	1
2025.01.16	08:00:00	3367.64	3390.64	3299.76	3335.52	18563	0	0
2025.01.16	12:00:00	3335.64	3365.04	3312.81	3328.24	29565	0	0
2025.01.16	16:00:00	3328.14	3364.73	3264.72	3343.54	32733	0	0
2025.01.16	20:00:00	3343.54	3352.62	3309.61	3319.75	24429	0	0
2025.01.17	00:00:00	3315.16	3390.08	3268.23	3385.30	19717	0	0
2025.01.17	04:00:00	3385.17	3396.62	3347.18	3365.75	16264	0	1
2025.01.17	08:00:00	3365.75	3414.29	3362.33	3403.15	16705	0	0
2025.01.17	12:00:00	3403.15	3438.43	3395.77	3401.98	20341	0	0
2025.01.17	16:00:00	3401.98	3451.93	3401.90	3415.95	28039	0	0
2025.01.17	20:00:00	3415.95	3528.13	3411.81	3475.58	22241	0	0
2025.01.18	00:00:00	3471.54	3496.93	3457.25	3468.73	18630	0	5
2025.01.18	04:00:00	3468.33	3476.57	3288.70	3292.65	34112	0	5
2025.01.18	08:00:00	3292.13	3338.90	3278.19	3284.61	12268	0	5
2025.01.18	12:00:00	3310.06	3322.90	3272.26	3322.35	17633	0	5
2025.01.18	16:00:00	3322.45	3344.24	3250.24	3255.32	40238	0	5
2025.01.18	20:00:00	3255.20	3290.90	3247.31	3271.16	35510	0	5
2025.01.19	00:00:00	3271.70	3361.55	3271.68	3350.11	22042	0	5
2025.01.19	04:00:00	3350.10	3374.43	3255.54	3297.95	32405	0	5
2025.01.19	08:00:00	3296.76	3299.36	3139.72	3222.55	31407	0	5
2025.01.19	12:00:00	3222.08	3271.48	3125.90	3271.46	31883	0	5
2025.01.19	16:00:00	3271.65	3443.00	3253.55	3437.86	30599	0	4
2025.01.19	20:00:00	3438.51	3445.45	3202.04	3227.33	22688	0	3
2025.01.20	00:00:00	3228.46	3307.31	3140.12	3197.92	52398	0	0
2025.01.20	04:00:00	3197.52	3316.59	3193.71	3288.91	42097	0	0
2025.01.20	08:00:00	3288.24	3448.87	3283.47	3360.30	40770	0	0
2025.01.20	12:00:00	3360.30	3387.82	3254.41	3339.86	41513	0	0
2025.01.20	16:00:00	3339.67	3386.33	3203.32	3289.36	50236	0	0
2025.01.20	20:00:00	3289.98	3361.46	3277.77	3282.34	39006	0	0
2025.01.21	00:00:00	3255.75	3321.01	3201.40	3246.85	36016	0	0
2025.01.21	04:00:00	3246.60	3269.24	3210.78	3221.15	31687	0	0
2025.01.21	08:00:00	3221.32	3273.86	3209.73	3273.32	30410	0	0
2025.01.21	12:00:00	3273.45	3323.86	3268.00	3306.72	32658	0	0
2025.01.21	16:00:00	3306.72	3356.34	3262.31	3350.86	37512	0	0
2025.01.21	20:00:00	3350.74	3368.58	3302.25	3332.91	29025	0	0
2025.01.22	00:00:00	3335.39	3366.48	3308.76	3329.66	24930	0	0
2025.01.22	04:00:00	3329.50	3349.08	3317.25	3319.15	15902	0	0
2025.01.22	08:00:00	3319.05	3324.73	3273.88	3298.61	20546	0	0
2025.01.22	12:00:00	3298.61	3332.53	3279.93	3283.74	25020	0	0
2025.01.22	16:00:00	3283.74	3312.15	3261.21	3285.61	34863	0	0
2025.01.22	20:00:00	3285.61	3292.12	3239.72	3258.58	24951	0	0
2025.01.23	00:00:00	3259.32	3265.90	3219.40	3233.83	21123	0	0
2025.01.23	04:00:00	3233.94	3241.45	3182.89	3213.22	22763	0	0
2025.01.23	08:00:00	3213.22	3232.43	3190.74	3195.51	28303	0	0
2025.01.23	12:00:00	3195.51	3241.67	3187.82	3233.04	33200	0	0
2025.01.23	16:00:00	3233.23	3298.81	3221.86	3267.43	36840	0	0
2025.01.23	20:00:00	3267.32	3296.50	3196.18	3250.06	35920	0	0
2025.01.24	00:00:00	3261.69	3350.46	3256.05	3298.47	27369	0	0
2025.01.24	04:00:00	3298.48	3410.05	3275.44	3409.89	30638	0	0
2025.01.24	08:00:00	3409.89	3420.48	3372.46	3401.48	29644	0	0
2025.01.24	12:00:00	3401.30	3429.02	3386.82	3395.52	20202	0	0
2025.01.24	16:00:00	3395.73	3424.79	3356.84	3399.42	28530	0	0
2025.01.24	20:00:00	3399.26	3410.98	3324.57	3330.84	25422	0	0
2025.01.25	00:00:00	3324.94	3325.97	3269.43	3293.45	25859	0	5
2025.01.25	04:00:00	3293.82	3323.84	3286.43	3296.01	28685	0	5
2025.01.25	08:00:00	3296.04	3303.85	3282.81	3291.20	13866	0	5
2025.01.25	12:00:00	3308.25	3311.77	3294.43	3307.97	14480	0	5
2025.01.25	16:00:00	3307.97	3350.55	3298.61	3344.44	34081	0	5
2025.01.25	20:00:00	3344.35	3350.68	3330.95	3338.87	22842	0	5
2025.01.26	00:00:00	3333.60	3345.40	3312.78	3331.35	17055	0	5
2025.01.26	04:00:00	3330.90	3362.39	3317.34	3343.05	28120	0	5
2025.01.26	08:00:00	3343.01	3348.57	3293.21	3297.88	22425	0	5
2025.01.26	12:00:00	3298.13	3316.41	3295.27	3308.19	20186	0	2
2025.01.26	16:00:00	3307.76	3344.91	3296.95	3337.87	23004	0	5
2025.01.26	20:00:00	3337.82	3344.37	3292.21	3296.49	23648	0	5
2025.01.27	00:00:00	3295.69	3309.94	3187.26	3194.01	31385	0	0
2025.01.27	04:00:00	3193.71	3196.98	3112.88	3139.16	29671	0	0
2025.01.27	08:00:00	3139.32	3148.48	3019.87	3079.77	37694	0	0
2025.01.27	12:00:00	3079.70	3134.84	3033.20	3099.41	36735	0	0
2025.01.27	16:00:00	3099.33	3152.86	3065.38	3072.09	40361	0	0
2025.01.27	20:00:00	3072.09	3237.97	3046.01	3158.69	34203	0	0
2025.01.28	00:00:00	3166.41	3203.85	3145.89	3166.12	21268	0	0
2025.01.28	04:00:00	3166.12	3223.48	3164.70	3213.28	23297	0	0
2025.01.28	08:00:00	3213.32	3216.45	3183.93	3197.01	27975	0	0
2025.01.28	12:00:00	3197.07	3208.11	3167.08	3175.41	29018	0	0
2025.01.28	16:00:00	3175.38	3214.37	3137.20	3166.86	39074	0	0
2025.01.28	20:00:00	3166.96	3177.31	3050.67	3051.85	32570	0	0
2025.01.29	00:00:00	3043.17	3118.83	3038.38	3109.72	26418	0	0
2025.01.29	04:00:00	3109.72	3139.45	3106.94	3130.23	17783	0	0
2025.01.29	08:00:00	3130.56	3163.04	3121.83	3129.18	23699	0	0
2025.01.29	12:00:00	3129.19	3142.72	3088.03	3101.42	21713	0	0
2025.01.29	16:00:00	3101.42	3131.01	3072.78	3111.21	32138	0	0
2025.01.29	20:00:00	3111.39	3181.74	3054.25	3140.81	41585	0	0
2025.01.30	00:00:00	3140.86	3159.54	3091.55	3138.58	21676	0	0
2025.01.30	04:00:00	3138.49	3215.50	3128.30	3194.97	19862	0	0
2025.01.30	08:00:00	3194.97	3229.88	3178.68	3221.37	20101	0	0
2025.01.30	12:00:00	3221.30	3274.86	3207.45	3262.89	22132	0	0
2025.01.30	16:00:00	3262.63	3283.26	3240.57	3272.61	28633	0	0
2025.01.30	20:00:00	3272.39	3277.03	3229.34	3244.98	20281	0	0
2025.01.31	00:00:00	3239.79	3274.21	3237.69	3271.35	15273	0	0
2025.01.31	04:00:00	3271.27	3280.01	3213.78	3245.18	17192	0	0
2025.01.31	08:00:00	3245.31	3277.34	3233.82	3266.70	23398	0	0
2025.01.31	12:00:00	3266.70	3365.84	3256.48	3355.06	26756	0	0
2025.01.31	16:00:00	3354.69	3438.01	3335.34	3375.64	31755	0	0
2025.01.31	20:00:00	3375.68	3384.92	3277.38	3318.21	37482	0	0
2025.02.01	00:00:00	3277.28	3331.87	3275.62	3312.91	19767	0	5
2025.02.01	04:00:00	3312.91	3325.85	3281.62	3298.72	22893	0	5
2025.02.01	08:00:00	3298.72	3306.83	3272.36	3278.98	11737	0	5
2025.02.01	12:00:00	3251.23	3273.20	3241.19	3246.26	13379	0	5
2025.02.01	16:00:00	3246.04	3266.92	3227.46	3262.51	29851	0	5
2025.02.01	20:00:00	3262.86	3267.57	3141.50	3148.58	34582	0	2
2025.02.02	00:00:00	3155.39	3164.09	3100.57	3152.95	31243	0	5
2025.02.02	04:00:00	3153.33	3153.75	3068.07	3118.67	35795	0	5
2025.02.02	08:00:00	3118.65	3139.17	3081.83	3110.28	21376	0	5
2025.02.02	12:00:00	3110.51	3112.35	3048.85	3086.57	16047	0	5
2025.02.02	16:00:00	3086.36	3100.85	2949.18	2969.69	28137	0	5
2025.02.02	20:00:00	2970.59	2988.29	2890.85	2906.36	35263	0	5
2025.02.03	00:00:00	2926.12	2936.48	2402.74	2491.46	46571	0	0
2025.02.03	04:00:00	2493.01	2567.65	2129.28	2516.80	52096	0	0
2025.02.03	08:00:00	2515.53	2635.20	2485.27	2573.95	44662	0	0
2025.02.03	12:00:00	2573.51	2638.65	2550.10	2579.41	38722	0	0
2025.02.03	16:00:00	2579.54	2738.83	2531.86	2711.88	50219	0	0
2025.02.03	20:00:00	2711.92	2822.66	2699.38	2818.93	40823	0	0
2025.02.04	00:00:00	2833.76	2924.39	2827.84	2856.70	33858	0	0
2025.02.04	04:00:00	2856.82	2861.45	2666.18	2693.48	35851	0	0
2025.02.04	08:00:00	2693.77	2736.79	2679.53	2697.43	40089	0	0
2025.02.04	12:00:00	2697.54	2839.03	2696.16	2798.89	39782	0	0
2025.02.04	16:00:00	2798.89	2847.44	2734.54	2817.31	44522	0	0
2025.02.04	20:00:00	2817.18	2871.65	2637.95	2639.86	42980	0	0
2025.02.05	00:00:00	2644.68	2770.99	2635.30	2723.12	31893	0	0
2025.02.05	04:00:00	2722.93	2789.11	2699.97	2785.75	26812	0	0
2025.02.05	08:00:00	2785.35	2794.54	2736.62	2760.35	37388	0	0
2025.02.05	12:00:00	2760.35	2821.81	2757.15	2820.06	35662	0	0
2025.02.05	16:00:00	2819.88	2828.35	2731.22	2741.03	42120	0	0
2025.02.05	20:00:00	2741.25	2792.81	2715.53	2787.79	33916	0	0
2025.02.06	00:00:00	2781.10	2813.37	2739.22	2791.02	30124	0	0
2025.02.06	04:00:00	2790.88	2850.43	2786.82	2833.00	28319	0	0
2025.02.06	08:00:00	2832.91	2859.09	2823.66	2852.81	26240	0	0
2025.02.06	12:00:00	2852.81	2856.47	2768.70	2793.50	34702	0	0
2025.02.06	16:00:00	2793.58	2797.59	2683.97	2701.26	42412	0	0
2025.02.06	20:00:00	2701.18	2727.30	2674.36	2709.90	37518	0	0
2025.02.07	00:00:00	2698.82	2740.09	2656.52	2717.65	28756	0	0
2025.02.07	04:00:00	2717.51	2736.93	2703.82	2714.87	24459	0	0
2025.02.07	08:00:00	2714.78	2744.21	2668.99	2739.82	35345	0	0
2025.02.07	12:00:00	2739.81	2781.19	2724.21	2777.23	34998	0	0
2025.02.07	16:00:00	2777.42	2799.74	2663.40	2681.16	44216	0	0
2025.02.07	20:00:00	2681.16	2705.06	2576.51	2588.46	37115	0	0
2025.02.08	00:00:00	2565.67	2667.75	2563.42	2632.31	29257	0	5
2025.02.08	04:00:00	2632.37	2656.96	2614.68	2620.87	29486	0	5
2025.02.08	08:00:00	2620.97	2635.90	2594.29	2629.41	14842	0	5
2025.02.08	12:00:00	2611.59	2635.36	2596.65	2619.91	14757	0	5
2025.02.08	16:00:00	2619.91	2634.27	2586.88	2630.36	33082	0	5
2025.02.08	20:00:00	2630.27	2650.44	2618.41	2639.05	27561	0	5
2025.02.09	00:00:00	2638.80	2657.42	2623.78	2649.70	22258	0	5
2025.02.09	04:00:00	2649.90	2697.61	2634.19	2662.28	26391	0	5
2025.02.09	08:00:00	2662.31	2673.44	2642.73	2657.67	19466	0	5
2025.02.09	12:00:00	2657.83	2669.03	2610.56	2617.78	11212	0	5
2025.02.09	16:00:00	2618.01	2665.81	2614.32	2642.71	14808	0	5
2025.02.09	20:00:00	2642.71	2649.43	2520.50	2551.14	20416	0	5
2025.02.10	00:00:00	2546.38	2659.14	2537.95	2575.08	35113	0	0
2025.02.10	04:00:00	2575.08	2660.36	2569.56	2638.58	30463	0	0
2025.02.10	08:00:00	2638.74	2655.52	2626.48	2651.33	22329	0	0
2025.02.10	12:00:00	2651.31	2685.57	2631.65	2678.44	27526	0	0
2025.02.10	16:00:00	2678.54	2686.56	2639.75	2680.16	37541	0	0
2025.02.10	20:00:00	2680.08	2695.10	2657.42	2664.19	27250	0	0
2025.02.11	00:00:00	2662.02	2725.52	2652.31	2695.46	25013	0	0
2025.02.11	04:00:00	2695.42	2722.19	2666.90	2718.04	27872	0	1
2025.02.11	08:00:00	2718.14	2725.47	2701.91	2705.21	31837	0	0
2025.02.11	12:00:00	2704.71	2710.84	2629.59	2634.84	30570	0	0
2025.02.11	16:00:00	2634.49	2677.48	2626.89	2640.73	36900	0	0
2025.02.11	20:00:00	2640.78	2641.71	2580.69	2622.08	36908	0	0
2025.02.12	00:00:00	2627.12	2631.28	2558.95	2616.31	27911	0	0
2025.02.12	04:00:00	2616.21	2618.42	2570.02	2608.53	25868	0	0
2025.02.12	08:00:00	2608.61	2637.25	2596.96	2629.35	23599	0	0
2025.02.12	12:00:00	2629.44	2664.95	2558.05	2595.38	27437	0	0
2025.02.12	16:00:00	2595.49	2684.06	2547.84	2673.50	39561	0	0
2025.02.12	20:00:00	2673.61	2695.56	2647.89	2682.78	29079	0	0
2025.02.13	00:00:00	2681.20	2795.62	2678.25	2748.92	32141	0	0
2025.02.13	04:00:00	2748.84	2749.65	2704.15	2720.77	27460	0	0
2025.02.13	08:00:00	2720.76	2723.91	2658.33	2683.64	33834	0	0
2025.02.13	12:00:00	2683.64	2688.85	2645.76	2659.13	34344	0	0
2025.02.13	16:00:00	2659.11	2667.03	2616.35	2631.63	42519	0	0
2025.02.13	20:00:00	2631.98	2676.21	2613.37	2667.53	34207	0	0
2025.02.14	00:00:00	2668.03	2688.12	2663.03	2683.83	25092	0	0
2025.02.14	04:00:00	2683.70	2722.26	2680.22	2699.14	25772	0	0
2025.02.14	08:00:00	2699.14	2717.06	2692.39	2713.97	23935	0	0
2025.02.14	12:00:00	2713.88	2717.06	2677.91	2701.75	23142	0	0
2025.02.14	16:00:00	2701.75	2783.33	2689.70	2774.93	34604	0	0
2025.02.14	20:00:00	2774.80	2792.65	2707.03	2745.37	31260	0	0
2025.02.15	00:00:00	2715.98	2731.95	2705.00	2729.15	27774	0	5
2025.02.15	04:00:00	2728.76	2739.51	2715.39	2722.87	34251	0	5
2025.02.15	08:00:00	2722.77	2723.94	2693.73	2697.81	18067	0	5
2025.02.15	12:00:00	2707.57	2714.13	2703.43	2706.74	17357	0	5
2025.02.15	16:00:00	2706.96	2707.39	2664.23	2687.22	40000	0	5
2025.02.15	20:00:00	2687.04	2708.35	2678.65	2700.87	33938	0	5
2025.02.16	00:00:00	2699.64	2707.32	2686.98	2701.09	30866	0	5
2025.02.16	04:00:00	2701.50	2726.95	2688.02	2708.89	30695	0	5
2025.02.16	08:00:00	2709.03	2720.93	2690.14	2705.72	34938	0	5
2025.02.16	12:00:00	2705.69	2714.33	2689.35	2692.42	36240	0	5
2025.02.16	16:00:00	2692.36	2703.48	2676.83	2688.85	36264	0	5
2025.02.16	20:00:00	2689.07	2690.33	2659.11	2687.09	36618	0	5
2025.02.17	00:00:00	2684.73	2686.79	2652.85	2680.21	25905	0	0
2025.02.17	04:00:00	2680.21	2684.57	2638.73	2671.27	26669	0	1
2025.02.17	08:00:00	2671.23	2741.52	2668.31	2733.26	32931	0	0
2025.02.17	12:00:00	2733.43	2782.95	2731.22	2777.09	30111	0	0
2025.02.17	16:00:00	2777.09	2849.95	2724.45	2732.90	38749	0	0
2025.02.17	20:00:00	2733.06	2778.09	2686.95	2776.54	35258	0	0
2025.02.18	00:00:00	2762.27	2769.37	2715.25	2736.30	26652	0	0
2025.02.18	04:00:00	2736.30	2739.12	2673.60	2677.48	30492	0	0
2025.02.18	08:00:00	2677.33	2697.17	2652.24	2696.90	37711	0	0
2025.02.18	12:00:00	2696.92	2710.57	2675.96	2702.58	22355	0	0
2025.02.18	16:00:00	2702.82	2732.40	2604.61	2618.86	39355	0	0
2025.02.18	20:00:00	2618.86	2657.70	2607.74	2651.29	34004	0	0
2025.02.19	00:00:00	2652.55	2678.03	2647.51	2668.62	19906	0	0
2025.02.19	04:00:00	2668.62	2698.69	2663.77	2685.91	13578	0	0
2025.02.19	08:00:00	2685.91	2728.93	2684.54	2723.43	19070	0	0
2025.02.19	12:00:00	2723.35	2736.13	2703.45	2717.51	23498	0	0
2025.02.19	16:00:00	2717.51	2730.59	2676.97	2710.32	34105	0	0
2025.02.19	20:00:00	2710.25	2729.57	2693.95	2709.57	27600	0	0
2025.02.20	00:00:00	2714.27	2733.46	2707.91	2719.15	19060	0	0
2025.02.20	04:00:00	2719.17	2757.97	2719.17	2731.93	16252	0	0
2025.02.20	08:00:00	2731.93	2737.74	2722.37	2725.97	15041	0	0
2025.02.20	12:00:00	2725.91	2754.54	2725.46	2746.07	17063	0	0
2025.02.20	16:00:00	2746.07	2771.21	2707.58	2735.50	33879	0	0
2025.02.20	20:00:00	2735.91	2768.55	2722.75	2726.67	25731	0	0
2025.02.21	00:00:00	2729.69	2747.19	2726.26	2741.98	21392	0	1
2025.02.21	04:00:00	2742.07	2759.93	2734.21	2756.62	12624	0	0
2025.02.21	08:00:00	2756.62	2831.46	2748.51	2782.70	21556	0	0
2025.02.21	12:00:00	2782.70	2846.68	2781.40	2837.10	29558	0	0
2025.02.21	16:00:00	2837.09	2839.69	2653.87	2672.96	45178	0	0
2025.02.21	20:00:00	2672.96	2691.91	2614.26	2640.45	38221	0	0
2025.02.22	00:00:00	2631.40	2691.04	2627.45	2685.57	25132	0	5
2025.02.22	04:00:00	2685.57	2696.26	2666.81	2691.10	32052	0	5
2025.02.22	08:00:00	2691.08	2697.14	2684.05	2685.15	15482	0	5
2025.02.22	12:00:00	2734.50	2743.86	2720.98	2721.93	17304	0	5
2025.02.22	16:00:00	2722.03	2797.35	2721.90	2785.04	30444	0	5
2025.02.22	20:00:00	2785.04	2789.58	2755.61	2764.78	19548	0	3
2025.02.23	00:00:00	2761.99	2776.53	2753.27	2764.50	25280	0	5
2025.02.23	04:00:00	2764.52	2788.45	2744.58	2781.18	31128	0	5
2025.02.23	08:00:00	2781.32	2831.51	2776.31	2808.29	33595	0	5
2025.02.23	12:00:00	2808.37	2826.14	2781.48	2811.55	21982	0	5
2025.02.23	16:00:00	2811.99	2823.50	2772.39	2813.98	22041	0	5
2025.02.23	20:00:00	2813.98	2823.97	2792.91	2806.66	15913	0	5
2025.02.24	00:00:00	2804.28	2856.43	2783.82	2790.88	26882	0	0
2025.02.24	04:00:00	2790.78	2796.65	2692.71	2731.72	33094	0	0
2025.02.24	08:00:00	2731.84	2736.07	2678.89	2697.39	31051	0	0
2025.02.24	12:00:00	2697.46	2698.68	2663.92	2674.29	30772	0	0
2025.02.24	16:00:00	2674.23	2688.02	2635.76	2664.39	39801	0	0
2025.02.24	20:00:00	2664.39	2671.33	2623.21	2636.21	38914	0	0
2025.02.25	00:00:00	2582.88	2599.73	2458.28	2494.29	43565	0	0
2025.02.25	04:00:00	2494.81	2523.93	2474.20	2505.55	41184	0	0
2025.02.25	08:00:00	2505.57	2509.30	2318.53	2382.61	45096	0	0
2025.02.25	12:00:00	2382.28	2448.20	2355.85	2411.70	45301	0	0
2025.02.25	16:00:00	2411.61	2440.66	2358.46	2418.28	44816	0	0
2025.02.25	20:00:00	2418.43	2515.03	2400.85	2511.01	37606	0	0
2025.02.26	00:00:00	2520.06	2530.99	2468.79	2483.01	29486	0	0
2025.02.26	04:00:00	2483.01	2504.74	2472.70	2472.99	29953	0	0
2025.02.26	08:00:00	2472.79	2504.62	2456.39	2488.73	31296	0	0
2025.02.26	12:00:00	2488.53	2494.20	2407.80	2414.57	33083	0	0
2025.02.26	16:00:00	2414.60	2459.54	2353.68	2365.03	47756	0	0
2025.02.26	20:00:00	2364.78	2381.11	2251.86	2339.15	49819	0	0
2025.02.27	00:00:00	2378.04	2380.03	2312.32	2341.29	38879	0	0
2025.02.27	04:00:00	2341.29	2367.70	2300.10	2338.54	28918	0	0
2025.02.27	08:00:00	2338.31	2370.63	2331.16	2357.21	31468	0	0
2025.02.27	12:00:00	2357.21	2379.41	2325.50	2334.67	33334	0	0
2025.02.27	16:00:00	2334.36	2353.77	2288.96	2319.41	40022	0	0
2025.02.27	20:00:00	2319.49	2331.15	2227.77	2279.19	34414	0	0
2025.02.28	00:00:00	2269.53	2311.91	2180.08	2192.50	28889	0	0
2025.02.28	04:00:00	2191.76	2224.26	2092.53	2129.30	49025	0	0
2025.02.28	08:00:00	2129.30	2150.24	2073.62	2142.34	46646	0	0
2025.02.28	12:00:00	2142.34	2162.98	2103.51	2150.51	40901	0	0
2025.02.28	16:00:00	2150.51	2245.68	2137.81	2208.92	44035	0	0
2025.02.28	20:00:00	2208.92	2254.24	2192.74	2223.91	31777	0	0
2025.03.01	00:00:00	2214.00	2262.59	2212.30	2251.88	32914	0	5
2025.03.01	04:00:00	2252.20	2280.63	2238.72	2255.19	44510	0	5
2025.03.01	08:00:00	2255.94	2259.37	2223.11	2228.14	20590	0	5
2025.03.01	12:00:00	2183.22	2185.88	2141.84	2151.48	14511	0	5
2025.03.01	16:00:00	2151.42	2210.42	2147.70	2195.54	29790	0	5
2025.03.01	20:00:00	2195.58	2233.05	2191.84	2227.74	31817	0	5
2025.03.02	00:00:00	2224.70	2231.03	2190.25	2219.24	37746	0	5
2025.03.02	04:00:00	2219.33	2234.83	2200.09	2228.12	41176	0	5
2025.03.02	08:00:00	2228.39	2254.09	2206.52	2240.69	38302	0	5
2025.03.02	12:00:00	2240.74	2259.23	2205.69	2211.29	36941	0	5
2025.03.02	16:00:00	2211.34	2510.40	2172.40	2481.74	46169	0	5
2025.03.02	20:00:00	2482.39	2540.17	2453.85	2524.72	39398	0	5
2025.03.03	00:00:00	2508.80	2551.54	2450.23	2458.36	38455	0	0
2025.03.03	04:00:00	2458.48	2461.20	2418.57	2449.06	35579	0	0
2025.03.03	08:00:00	2449.59	2449.66	2321.54	2346.52	40888	0	0
2025.03.03	12:00:00	2346.47	2388.06	2339.66	2376.33	38677	0	0
2025.03.03	16:00:00	2376.24	2380.61	2257.21	2275.80	44936	0	0
2025.03.03	20:00:00	2275.92	2279.16	2095.82	2109.74	49880	0	0
2025.03.04	00:00:00	2127.94	2171.79	2024.55	2054.86	40851	0	0
2025.03.04	04:00:00	2055.22	2120.89	2001.80	2105.70	45121	0	0
2025.03.04	08:00:00	2105.93	2110.94	2067.14	2086.86	41633	0	0
2025.03.04	12:00:00	2086.75	2117.08	2052.29	2063.32	43205	0	0
2025.03.04	16:00:00	2063.35	2156.10	1992.81	2118.01	52973	0	0
2025.03.04	20:00:00	2117.95	2221.39	2109.53	2177.20	46569	0	0
2025.03.05	00:00:00	2175.87	2192.41	2154.74	2189.02	36461	0	0
2025.03.05	04:00:00	2189.07	2190.31	2157.05	2179.53	38847	0	0
2025.03.05	08:00:00	2179.67	2262.37	2173.58	2238.98	37686	0	0
2025.03.05	12:00:00	2238.91	2273.09	2193.25	2202.25	40245	0	0
2025.03.05	16:00:00	2202.61	2220.04	2161.65	2194.34	48086	0	0
2025.03.05	20:00:00	2194.30	2241.22	2174.88	2235.14	39790	0	0
2025.03.06	00:00:00	2233.37	2288.27	2226.67	2263.11	30863	0	0
2025.03.06	04:00:00	2263.01	2320.11	2261.07	2313.47	37271	0	0
2025.03.06	08:00:00	2313.74	2314.76	2276.41	2284.35	30919	0	0
2025.03.06	12:00:00	2284.35	2305.67	2243.93	2246.47	28096	0	0
2025.03.06	16:00:00	2246.19	2275.27	2176.38	2190.99	43007	0	0
2025.03.06	20:00:00	2190.89	2218.96	2181.36	2213.35	30778	0	0
2025.03.07	00:00:00	2220.23	2227.30	2102.11	2174.86	35775	0	0
2025.03.07	04:00:00	2174.86	2185.99	2144.02	2174.52	29630	0	0
2025.03.07	08:00:00	2174.74	2211.27	2165.41	2193.87	30068	0	0
2025.03.07	12:00:00	2194.05	2223.72	2165.90	2188.97	30506	0	0
2025.03.07	16:00:00	2189.06	2257.76	2141.41	2161.68	46682	0	0
2025.03.07	20:00:00	2161.94	2202.31	2114.46	2138.69	37925	0	0
2025.03.08	00:00:00	2128.01	2155.39	2103.93	2132.07	39737	0	5
2025.03.08	04:00:00	2131.93	2152.45	2124.72	2140.25	40087	0	5
2025.03.08	08:00:00	2140.01	2147.54	2132.65	2137.88	18183	0	5
2025.03.08	12:00:00	2141.73	2198.37	2137.25	2189.93	16473	0	5
2025.03.08	16:00:00	2189.93	2217.64	2160.04	2198.41	26887	0	5
2025.03.08	20:00:00	2198.22	2234.29	2193.24	2215.17	24318	0	3
2025.03.09	00:00:00	2212.12	2217.02	2186.86	2190.63	31879	0	5
2025.03.09	04:00:00	2190.66	2195.87	2175.53	2182.58	35225	0	5
2025.03.09	08:00:00	2182.20	2188.40	2160.07	2165.03	35831	0	3
2025.03.09	12:00:00	2165.07	2170.09	2103.04	2104.29	40224	0	5
2025.03.09	16:00:00	2104.14	2123.70	2012.73	2022.97	46090	0	5
2025.03.09	20:00:00	2022.95	2056.01	1996.59	2023.61	40533	0	5
2025.03.10	00:00:00	2018.67	2053.53	1989.50	2042.83	36532	0	0
2025.03.10	04:00:00	2042.83	2076.33	2036.38	2064.30	31396	0	0
2025.03.10	08:00:00	2064.18	2152.54	2047.98	2102.03	37665	0	0
2025.03.10	12:00:00	2102.66	2139.35	2076.50	2083.72	42753	0	0
2025.03.10	16:00:00	2083.41	2083.90	1904.84	1916.27	51802	0	0
2025.03.10	20:00:00	1916.27	1937.81	1809.39	1886.07	43447	0	0
2025.03.11	00:00:00	1884.72	1894.37	1753.27	1857.22	44825	0	0
2025.03.11	04:00:00	1857.31	1913.39	1844.89	1892.95	39283	0	0
2025.03.11	08:00:00	1893.00	1929.45	1881.12	1917.02	42163	0	0
2025.03.11	12:00:00	1917.02	1960.61	1866.64	1902.86	41770	0	0
2025.03.11	16:00:00	1902.99	1935.78	1840.07	1904.57	48002	0	0
2025.03.11	20:00:00	1904.47	1962.56	1903.64	1939.82	39888	0	0
2025.03.12	00:00:00	1942.17	1952.09	1904.97	1920.02	34399	0	0
2025.03.12	04:00:00	1920.17	1920.80	1851.80	1877.61	38552	0	0
2025.03.12	08:00:00	1877.73	1956.95	1852.24	1893.50	43805	0	0
2025.03.12	12:00:00	1893.58	1945.78	1878.45	1887.18	42605	0	0
2025.03.12	16:00:00	1887.20	1895.88	1829.77	1867.34	48372	0	0
2025.03.12	20:00:00	1867.48	1905.83	1864.61	1894.02	37465	0	0
2025.03.13	00:00:00	1897.11	1916.63	1893.08	1906.40	31876	0	0
2025.03.13	04:00:00	1906.31	1915.64	1862.14	1867.70	34644	0	0
2025.03.13	08:00:00	1867.70	1895.05	1854.19	1890.61	34647	0	0
2025.03.13	12:00:00	1890.50	1920.91	1866.19	1871.14	42535	0	0
2025.03.13	16:00:00	1870.95	1897.32	1821.24	1826.24	45246	0	0
2025.03.13	20:00:00	1826.29	1861.45	1825.56	1861.42	29150	0	0
2025.03.14	00:00:00	1862.21	1889.26	1860.36	1881.02	27575	0	0
2025.03.14	04:00:00	1881.02	1899.31	1879.56	1895.16	17144	0	0
2025.03.14	08:00:00	1895.28	1905.35	1888.05	1894.59	20365	0	0
2025.03.14	12:00:00	1894.59	1914.25	1889.22	1904.71	29269	0	0
2025.03.14	16:00:00	1904.77	1942.70	1880.15	1934.94	36570	0	0
2025.03.14	20:00:00	1935.05	1945.73	1915.30	1922.47	23968	0	0
2025.03.15	00:00:00	1922.68	1927.23	1903.65	1911.22	15191	0	5
2025.03.15	04:00:00	1911.32	1935.46	1904.11	1928.59	20904	0	5
2025.03.15	08:00:00	1928.90	1931.03	1914.32	1917.85	10523	0	5
2025.03.15	12:00:00	1929.60	1933.63	1922.68	1931.60	8797	0	5
2025.03.15	16:00:00	1931.60	1948.60	1923.44	1941.11	23697	0	5
2025.03.15	20:00:00	1941.06	1957.31	1928.82	1951.37	17728	0	5
2025.03.16	00:00:00	1951.39	1955.16	1920.13	1922.32	18173	0	5
2025.03.16	04:00:00	1922.15	1934.17	1916.24	1932.20	17151	0	5
2025.03.16	08:00:00	1932.28	1934.46	1905.16	1907.86	17341	0	5
2025.03.16	12:00:00	1907.53	1913.87	1866.15	1879.42	30065	0	5
2025.03.16	16:00:00	1879.75	1923.29	1879.04	1910.44	25427	0	5
2025.03.16	20:00:00	1910.43	1911.15	1859.70	1889.71	22428	0	5
2025.03.17	00:00:00	1886.84	1910.45	1870.10	1902.98	20313	0	0
2025.03.17	04:00:00	1902.98	1915.43	1893.55	1893.67	11467	0	0
2025.03.17	08:00:00	1893.67	1913.03	1879.75	1912.69	21610	0	0
2025.03.17	12:00:00	1912.69	1936.73	1894.37	1898.74	25712	0	0
2025.03.17	16:00:00	1898.45	1935.25	1888.38	1930.30	28475	0	0
2025.03.17	20:00:00	1930.30	1952.35	1929.88	1941.08	16119	0	0
2025.03.18	00:00:00	1938.85	1941.47	1899.84	1903.29	14688	0	0
2025.03.18	04:00:00	1903.29	1917.64	1897.00	1907.44	18649	0	0
2025.03.18	08:00:00	1907.44	1913.07	1893.74	1901.46	23045	0	0
2025.03.18	12:00:00	1901.41	1903.06	1871.91	1879.70	26975	0	0
2025.03.18	16:00:00	1879.67	1897.62	1874.11	1876.18	27444	0	0
2025.03.18	20:00:00	1876.18	1914.34	1872.96	1911.50	14603	0	0
2025.03.19	00:00:00	1913.34	1948.67	1907.92	1931.27	15659	0	0
2025.03.19	04:00:00	1931.31	1940.37	1927.44	1938.98	14208	0	0
2025.03.19	08:00:00	1938.98	1946.72	1931.17	1943.98	16141	0	0
2025.03.19	12:00:00	1943.98	2033.64	1942.69	2016.69	33378	0	0
2025.03.19	16:00:00	2016.81	2057.16	2015.45	2027.39	36787	0	0
2025.03.19	20:00:00	2027.22	2058.68	1997.91	2040.78	34629	0	0
2025.03.20	00:00:00	2038.82	2070.24	2022.93	2027.28	24166	0	0
2025.03.20	04:00:00	2027.28	2035.21	2012.21	2017.35	21025	0	0
2025.03.20	08:00:00	2017.35	2022.26	2003.14	2005.97	32259	0	0
2025.03.20	12:00:00	2005.93	2006.27	1970.94	1985.65	28145	0	0
2025.03.20	16:00:00	1985.45	2009.92	1951.31	1969.78	28660	0	0
2025.03.20	20:00:00	1969.80	1984.01	1965.76	1976.08	13963	0	0
2025.03.21	00:00:00	1976.25	1995.30	1971.47	1993.07	14527	0	0
2025.03.21	04:00:00	1993.07	1994.19	1967.41	1973.57	17502	0	0
2025.03.21	08:00:00	1973.56	1981.38	1963.69	1968.20	24304	0	0
2025.03.21	12:00:00	1968.31	1973.18	1935.98	1951.52	29165	0	0
2025.03.21	16:00:00	1951.84	1971.82	1937.60	1967.78	27117	0	0
2025.03.21	20:00:00	1967.78	1982.59	1961.97	1973.18	19044	0	0
2025.03.22	00:00:00	1970.79	1987.00	1961.42	1974.29	36979	0	5
2025.03.22	04:00:00	1974.25	1990.17	1972.76	1986.99	36807	0	5
2025.03.22	08:00:00	1987.11	1992.60	1982.86	1984.11	17436	0	3
2025.03.22	12:00:00	1990.32	1997.40	1985.14	1989.60	17765	0	5
2025.03.22	16:00:00	1989.50	1994.30	1980.48	1992.09	34639	0	5
2025.03.22	20:00:00	1992.09	2003.82	1983.17	1985.75	31012	0	5
2025.03.23	00:00:00	1985.81	1999.16	1974.67	1997.91	35687	0	5
2025.03.23	04:00:00	1998.29	2009.27	1991.92	2000.27	36997	0	5
2025.03.23	08:00:00	1999.98	2019.01	1997.33	2014.44	31131	0	5
2025.03.23	12:00:00	2014.38	2020.69	2002.87	2018.05	32290	0	5
2025.03.23	16:00:00	2018.03	2020.15	1987.82	1993.33	28310	0	5
2025.03.23	20:00:00	1993.30	2000.56	1986.40	1995.12	15170	0	5
2025.03.24	00:00:00	1995.46	2021.48	1977.48	1980.60	19015	0	0
2025.03.24	04:00:00	1980.60	2054.12	1978.35	2048.75	27708	0	0
2025.03.24	08:00:00	2048.74	2096.74	2048.74	2094.20	32583	0	0
2025.03.24	12:00:00	2094.20	2104.22	2073.51	2082.48	29845	0	0
2025.03.24	16:00:00	2082.48	2102.43	2067.83	2088.46	28495	0	0
2025.03.24	20:00:00	2088.46	2101.35	2080.58	2084.00	19590	0	0
2025.03.25	00:00:00	2084.64	2098.21	2056.53	2065.54	24837	0	0
2025.03.25	04:00:00	2065.54	2070.30	2037.08	2048.72	22115	0	0
2025.03.25	08:00:00	2048.86	2074.67	2047.16	2070.47	21337	0	0
2025.03.25	12:00:00	2070.47	2080.01	2052.21	2062.01	24332	0	0
2025.03.25	16:00:00	2062.06	2084.20	2054.23	2076.87	26151	0	0
2025.03.25	20:00:00	2076.87	2083.20	2056.87	2063.87	22754	0	0
2025.03.26	00:00:00	2063.64	2078.69	2053.95	2074.41	15162	0	0
2025.03.26	04:00:00	2074.39	2075.18	2042.84	2059.29	19113	0	0
2025.03.26	08:00:00	2059.44	2072.94	2056.94	2063.15	23654	0	0
2025.03.26	12:00:00	2063.15	2076.35	2027.36	2028.85	23767	0	0
2025.03.26	16:00:00	2028.59	2038.05	2002.88	2006.40	36478	0	0
2025.03.26	20:00:00	2006.41	2017.92	1981.31	2008.10	25158	0	0
2025.03.27	00:00:00	2005.33	2025.61	1994.79	2020.33	19466	0	0
2025.03.27	04:00:00	2020.39	2037.41	2019.67	2022.83	18397	0	0
2025.03.27	08:00:00	2022.89	2032.51	2018.27	2029.09	20302	0	0
2025.03.27	12:00:00	2029.14	2036.18	1986.53	2003.03	29868	0	0
2025.03.27	16:00:00	2002.79	2026.33	1993.45	1999.89	24355	0	0
2025.03.27	20:00:00	1999.89	2019.43	1998.83	2017.87	9132	0	0
2025.03.28	00:00:00	2016.04	2016.25	1991.26	2008.89	8810	0	0
2025.03.28	04:00:00	2008.89	2015.78	1901.80	1915.00	20830	0	0
2025.03.28	08:00:00	1915.00	1928.12	1901.95	1908.48	27542	0	0
2025.03.28	12:00:00	1908.48	1922.91	1858.83	1886.47	25380	0	0
2025.03.28	16:00:00	1885.16	1893.87	1860.84	1882.51	26950	0	0
2025.03.28	20:00:00	1882.51	1889.52	1868.86	1884.78	14638	0	0
2025.03.29	00:00:00	1889.62	1912.59	1886.13	1908.70	35242	0	5
2025.03.29	04:00:00	1908.70	1912.62	1883.26	1888.11	38255	0	5
2025.03.29	08:00:00	1887.98	1888.26	1875.11	1879.70	19532	0	1
2025.03.29	12:00:00	1848.17	1862.38	1847.16	1858.24	16777	0	5
2025.03.29	16:00:00	1858.44	1858.67	1796.62	1817.32	41040	0	1
2025.03.29	20:00:00	1817.56	1827.94	1808.31	1816.93	24560	0	5
2025.03.30	00:00:00	1814.93	1829.85	1810.62	1827.44	16519	0	5
2025.03.30	04:00:00	1836.09	1847.19	1831.91	1842.04	27034	0	5
2025.03.30	08:00:00	1842.01	1848.46	1831.95	1846.68	16920	0	5
2025.03.30	12:00:00	1846.63	1847.00	1826.55	1833.41	17021	0	1
2025.03.30	16:00:00	1833.32	1835.43	1784.66	1795.13	25784	0	5
2025.03.30	20:00:00	1794.92	1825.00	1786.39	1814.80	19757	0	3
2025.03.31	00:00:00	1818.68	1821.20	1767.27	1786.24	30536	0	0
2025.03.31	04:00:00	1786.24	1822.93	1783.22	1804.57	32551	0	0
2025.03.31	08:00:00	1804.61	1813.62	1788.86	1795.17	29447	0	0
2025.03.31	12:00:00	1795.53	1844.39	1777.39	1834.24	32938	0	0
2025.03.31	16:00:00	1834.15	1854.26	1795.46	1840.14	34057	0	0
2025.03.31	20:00:00	1840.04	1847.30	1817.04	1819.32	23970	0	0
2025.04.01	00:00:00	1826.06	1842.19	1815.82	1831.55	17033	0	0
2025.04.01	04:00:00	1831.59	1840.91	1820.82	1837.85	19975	0	0
2025.04.01	08:00:00	1837.85	1892.13	1836.36	1884.08	21873	0	0
2025.04.01	12:00:00	1884.08	1889.55	1856.22	1865.20	24501	0	0
2025.04.01	16:00:00	1865.32	1927.51	1842.06	1915.60	33836	0	0
2025.04.01	20:00:00	1915.60	1922.69	1896.81	1912.85	24908	0	0
2025.04.02	00:00:00	1912.43	1922.47	1886.84	1889.71	20052	0	0
2025.04.02	04:00:00	1889.77	1896.75	1872.15	1879.05	21720	0	0
2025.04.02	08:00:00	1879.05	1879.19	1851.76	1867.90	24391	0	0
2025.04.02	12:00:00	1867.90	1888.00	1858.37	1871.92	26658	0	0
2025.04.02	16:00:00	1871.95	1919.10	1854.17	1903.07	33985	0	0
2025.04.02	20:00:00	1903.18	1955.44	1865.89	1881.26	29901	0	0
2025.04.03	00:00:00	1877.47	1878.63	1781.14	1820.47	26665	0	0
2025.04.03	04:00:00	1820.47	1845.00	1813.97	1835.17	13225	0	0
2025.04.03	08:00:00	1835.17	1840.26	1807.01	1821.42	20788	0	0
2025.04.03	12:00:00	1821.42	1823.33	1749.44	1758.91	25858	0	0
2025.04.03	16:00:00	1759.13	1791.26	1750.93	1772.77	37266	0	0
2025.04.03	20:00:00	1772.76	1802.12	1766.68	1797.88	22833	0	0
2025.04.04	00:00:00	1797.78	1822.62	1796.76	1809.91	14113	0	0
2025.04.04	04:00:00	1809.91	1817.59	1770.66	1787.22	20801	0	0
2025.04.04	08:00:00	1787.22	1835.59	1783.42	1828.06	23839	0	0
2025.04.04	12:00:00	1828.06	1833.19	1758.44	1788.50	37453	0	0
2025.04.04	16:00:00	1788.42	1820.43	1771.67	1796.94	40828	0	0
2025.04.04	20:00:00	1796.94	1828.17	1787.20	1818.06	28638	0	0
2025.04.05	00:00:00	1812.09	1826.59	1808.55	1821.72	30963	0	5
2025.04.05	04:00:00	1822.06	1826.77	1805.84	1806.89	28759	0	5
2025.04.05	08:00:00	1806.89	1814.37	1803.48	1808.33	8764	0	5
2025.04.05	12:00:00	1817.54	1818.92	1791.76	1796.93	8212	0	5
2025.04.05	16:00:00	1796.82	1797.54	1776.97	1784.07	18699	0	5
2025.04.05	20:00:00	1784.09	1802.62	1763.51	1788.95	12780	0	5
2025.04.06	00:00:00	1780.11	1813.30	1780.11	1809.85	20978	0	5
2025.04.06	04:00:00	1809.74	1816.04	1801.12	1809.38	27110	0	5
2025.04.06	08:00:00	1809.43	1813.12	1781.85	1794.37	25807	0	5
2025.04.06	12:00:00	1794.56	1795.28	1776.18	1777.38	16855	0	5
2025.04.06	16:00:00	1777.14	1779.87	1714.79	1731.46	27909	0	5
2025.04.06	20:00:00	1729.85	1733.44	1551.97	1571.84	42886	0	5
2025.04.07	00:00:00	1583.96	1607.19	1536.71	1571.63	29403	0	0
2025.04.07	04:00:00	1571.90	1613.47	1520.63	1547.17	34176	0	0
2025.04.07	08:00:00	1547.17	1560.31	1409.83	1494.73	49414	0	0
2025.04.07	12:00:00	1494.73	1525.83	1474.14	1520.46	46939	0	0
2025.04.07	16:00:00	1520.06	1637.10	1486.43	1528.30	47395	0	0
2025.04.07	20:00:00	1528.29	1579.04	1528.26	1570.18	44317	0	0
2025.04.08	00:00:00	1563.67	1584.59	1543.65	1543.93	29941	0	0
2025.04.08	04:00:00	1543.81	1618.05	1540.37	1597.98	23561	0	0
2025.04.08	08:00:00	1597.98	1601.49	1553.83	1566.27	27952	0	0
2025.04.08	12:00:00	1566.27	1593.25	1563.68	1571.04	29116	0	0
2025.04.08	16:00:00	1570.94	1585.94	1481.09	1485.59	43220	0	0
2025.04.08	20:00:00	1485.72	1498.99	1453.43	1480.65	38747	0	0
2025.04.09	00:00:00	1480.14	1480.84	1445.21	1466.27	24269	0	0
2025.04.09	04:00:00	1466.40	1467.75	1384.19	1439.30	34352	0	0
2025.04.09	08:00:00	1439.27	1491.17	1438.36	1481.75	33177	0	0
2025.04.09	12:00:00	1481.72	1495.72	1439.43	1460.71	37050	0	0
2025.04.09	16:00:00	1460.78	1508.14	1454.48	1501.31	42028	0	0
2025.04.09	20:00:00	1501.31	1678.11	1484.76	1672.74	40443	0	0
2025.04.10	00:00:00	1670.30	1688.13	1633.42	1646.01	31854	0	0
2025.04.10	04:00:00	1645.97	1651.13	1601.25	1618.94	27244	0	0
2025.04.10	08:00:00	1618.83	1625.59	1582.99	1592.34	27340	0	0
2025.04.10	12:00:00	1592.32	1624.69	1580.47	1592.58	29170	0	0
2025.04.10	16:00:00	1592.66	1595.63	1472.02	1509.57	46637	0	0
2025.04.10	20:00:00	1509.51	1532.99	1486.27	1530.17	40251	0	0
2025.04.11	00:00:00	1528.96	1532.46	1503.77	1507.16	26718	0	0
2025.04.11	04:00:00	1507.23	1557.19	1505.90	1546.47	29278	0	0
2025.04.11	08:00:00	1546.48	1571.29	1537.33	1550.83	26297	0	0
2025.04.11	12:00:00	1550.71	1584.07	1543.93	1555.63	25145	0	0
2025.04.11	16:00:00	1557.05	1580.53	1540.47	1564.74	33186	0	0
2025.04.11	20:00:00	1564.74	1589.93	1561.06	1570.89	22377	0	0
2025.04.12	00:00:00	1567.79	1573.89	1556.44	1561.12	9029	0	5
2025.04.12	04:00:00	1561.04	1568.94	1544.75	1566.41	12627	0	5
2025.04.12	08:00:00	1566.66	1577.87	1563.51	1573.32	6171	0	5
2025.04.12	12:00:00	1591.44	1613.81	1589.72	1606.59	5972	0	5
2025.04.12	16:00:00	1606.77	1668.46	1605.34	1643.25	24376	0	5
2025.04.12	20:00:00	1643.15	1659.42	1627.87	1648.87	17031	0	4
2025.04.13	00:00:00	1644.08	1655.70	1634.49	1641.66	11480	0	5
2025.04.13	04:00:00	1641.78	1648.83	1602.66	1608.14	17597	0	5
2025.04.13	08:00:00	1608.04	1622.45	1596.85	1620.22	13688	0	5
2025.04.13	12:00:00	1620.23	1627.93	1591.24	1602.53	15308	0	5
2025.04.13	16:00:00	1602.53	1607.39	1565.38	1595.06	20069	0	5
2025.04.13	20:00:00	1595.07	1647.79	1561.64	1589.82	25535	0	5
2025.04.14	00:00:00	1578.14	1632.84	1572.05	1611.19	30564	0	0
2025.04.14	04:00:00	1611.19	1659.24	1608.40	1635.99	26767	0	0
2025.04.14	08:00:00	1636.05	1641.93	1612.27	1637.94	30308	0	0
2025.04.14	12:00:00	1637.94	1690.92	1630.80	1677.63	33548	0	0
2025.04.14	16:00:00	1677.64	1689.52	1614.61	1627.73	41189	0	0
2025.04.14	20:00:00	1627.58	1651.37	1626.29	1635.12	34467	0	0
2025.04.15	00:00:00	1632.84	1635.45	1606.41	1630.97	23550	0	0
2025.04.15	04:00:00	1630.91	1643.38	1615.31	1638.86	28298	0	0
2025.04.15	08:00:00	1638.86	1647.99	1633.71	1640.90	24037	0	0
2025.04.15	12:00:00	1640.90	1651.92	1622.33	1641.72	28056	0	0
2025.04.15	16:00:00	1641.84	1660.92	1601.51	1622.38	38913	0	0
2025.04.15	20:00:00	1622.38	1626.76	1586.29	1594.89	27482	0	0
2025.04.16	00:00:00	1598.18	1605.88	1576.03	1580.64	28147	0	0
2025.04.16	04:00:00	1580.62	1604.11	1576.63	1586.99	22256	0	0
2025.04.16	08:00:00	1587.07	1592.58	1553.02	1575.26	33008	0	0
2025.04.16	12:00:00	1575.31	1588.44	1567.41	1577.13	26945	0	0
2025.04.16	16:00:00	1577.22	1613.56	1566.23	1592.48	29833	0	0
2025.04.16	20:00:00	1592.44	1612.40	1538.39	1573.51	37827	0	0
2025.04.17	00:00:00	1578.78	1598.16	1572.42	1585.25	14767	0	0
2025.04.17	04:00:00	1585.25	1595.28	1577.23	1591.29	10187	0	0
2025.04.17	08:00:00	1591.29	1610.68	1589.79	1595.61	15161	0	0
2025.04.17	12:00:00	1595.61	1602.93	1588.22	1601.35	13982	0	0
2025.04.17	16:00:00	1601.35	1616.46	1562.98	1604.91	30913	0	0
2025.04.17	20:00:00	1604.91	1616.01	1576.87	1584.44	26477	0	0
2025.04.18	00:00:00	1583.72	1591.81	1577.07	1579.62	16201	0	0
2025.04.18	04:00:00	1579.62	1589.12	1577.92	1580.92	11367	0	0
2025.04.18	08:00:00	1580.92	1592.69	1573.48	1586.84	17851	0	0
2025.04.18	12:00:00	1586.84	1597.10	1582.01	1592.98	16712	0	0
2025.04.18	16:00:00	1592.98	1596.09	1579.07	1587.26	18440	0	0
2025.04.18	20:00:00	1587.16	1594.86	1584.82	1593.07	15199	0	1
2025.04.19	00:00:00	1589.62	1600.62	1584.31	1585.37	20252	0	5
2025.04.19	04:00:00	1585.50	1612.38	1584.81	1602.17	24454	0	5
2025.04.19	08:00:00	1602.18	1604.61	1593.86	1595.36	10917	0	5
2025.04.19	12:00:00	1596.00	1599.04	1594.13	1596.96	10566	0	5
2025.04.19	16:00:00	1596.93	1612.45	1595.01	1599.60	28217	0	5
2025.04.19	20:00:00	1599.60	1630.53	1598.89	1614.06	27063	0	5
2025.04.20	00:00:00	1611.35	1622.18	1607.15	1608.69	20418	0	5
2025.04.20	04:00:00	1608.64	1617.30	1607.57	1612.20	21402	0	5
2025.04.20	08:00:00	1612.14	1614.95	1585.23	1589.65	21502	0	5
2025.04.20	12:00:00	1589.65	1592.93	1565.24	1575.87	19585	0	3
2025.04.20	16:00:00	1575.88	1583.84	1570.63	1581.01	25965	0	5
2025.04.20	20:00:00	1580.99	1599.55	1575.42	1588.73	11517	0	5
2025.04.21	00:00:00	1587.69	1619.94	1574.59	1609.63	20299	0	0
2025.04.21	04:00:00	1609.72	1645.16	1607.57	1640.00	14910	0	0
2025.04.21	08:00:00	1640.00	1658.44	1637.31	1649.12	12841	0	0
2025.04.21	12:00:00	1649.11	1654.81	1617.75	1623.64	17293	0	0
2025.04.21	16:00:00	1623.64	1642.02	1587.21	1589.69	27839	0	0
2025.04.21	20:00:00	1589.82	1590.20	1563.08	1577.55	31125	0	0
2025.04.22	00:00:00	1575.90	1580.73	1538.53	1568.73	22221	0	0
2025.04.22	04:00:00	1568.73	1593.54	1564.65	1577.81	22770	0	0
2025.04.22	08:00:00	1577.81	1634.41	1573.78	1627.74	25042	0	0
2025.04.22	12:00:00	1627.77	1640.06	1613.23	1635.10	21053	0	0
2025.04.22	16:00:00	1634.97	1726.64	1627.13	1692.66	35194	0	0
2025.04.22	20:00:00	1692.57	1708.62	1684.70	1696.04	28042	0	0
2025.04.23	00:00:00	1697.77	1778.21	1697.75	1752.42	31707	0	0
2025.04.23	04:00:00	1752.54	1818.66	1748.27	1817.61	18567	0	0
2025.04.23	08:00:00	1817.61	1817.61	1774.28	1791.78	26238	0	0
2025.04.23	12:00:00	1791.78	1828.39	1779.48	1815.90	23020	0	0
2025.04.23	16:00:00	1815.85	1834.81	1761.60	1792.65	33853	0	0
2025.04.23	20:00:00	1792.23	1810.35	1774.57	1796.03	25739	0	0
2025.04.24	00:00:00	1796.44	1807.48	1783.93	1790.58	22908	0	0
2025.04.24	04:00:00	1790.58	1803.42	1758.19	1772.49	29146	0	0
2025.04.24	08:00:00	1772.49	1776.73	1723.14	1735.02	25872	0	0
2025.04.24	12:00:00	1735.01	1758.36	1734.61	1758.32	20679	0	0
2025.04.24	16:00:00	1758.32	1778.44	1745.17	1770.84	33303	0	0
2025.04.24	20:00:00	1770.84	1774.44	1746.43	1762.65	29109	0	0
2025.04.25	00:00:00	1763.28	1776.07	1749.69	1774.67	22171	0	0
2025.04.25	04:00:00	1774.69	1790.90	1739.29	1766.55	30801	0	0
2025.04.25	08:00:00	1766.54	1782.80	1763.54	1775.66	24502	0	0
2025.04.25	12:00:00	1775.80	1803.13	1765.15	1774.08	28357	0	0
2025.04.25	16:00:00	1774.09	1828.36	1758.14	1802.82	34639	0	0
2025.04.25	20:00:00	1802.82	1811.79	1783.30	1799.73	22974	0	0
2025.04.26	00:00:00	1762.85	1801.47	1762.85	1798.36	22451	0	5
2025.04.26	04:00:00	1798.50	1817.48	1790.74	1792.18	32569	0	5
2025.04.26	08:00:00	1792.17	1807.93	1789.36	1803.45	13239	0	5
2025.04.26	12:00:00	1803.15	1807.15	1779.66	1792.47	17344	0	2
2025.04.26	16:00:00	1792.34	1806.01	1780.69	1804.09	33005	0	5
2025.04.26	20:00:00	1803.91	1819.45	1800.02	1806.78	25716	0	5
2025.04.27	00:00:00	1808.02	1850.42	1808.02	1843.77	29588	0	5
2025.04.27	04:00:00	1843.79	1857.74	1797.43	1798.60	35517	0	5
2025.04.27	08:00:00	1798.54	1815.15	1790.40	1810.20	28656	0	5
2025.04.27	12:00:00	1810.15	1813.26	1795.04	1796.88	28968	0	5
2025.04.27	16:00:00	1796.97	1808.53	1782.65	1796.07	32208	0	2
2025.04.27	20:00:00	1796.09	1809.13	1793.49	1803.22	14539	0	5
2025.04.28	00:00:00	1799.96	1807.87	1769.35	1774.21	17462	0	0
2025.04.28	04:00:00	1774.21	1794.55	1751.80	1788.24	19808	0	0
2025.04.28	08:00:00	1788.24	1812.80	1786.63	1810.06	16616	0	0
2025.04.28	12:00:00	1810.06	1827.99	1789.27	1807.71	21372	0	0
2025.04.28	16:00:00	1807.71	1811.47	1745.07	1758.52	33342	0	0
2025.04.28	20:00:00	1758.52	1804.82	1755.05	1786.23	22281	0	0
2025.04.29	00:00:00	1787.79	1806.25	1781.43	1802.38	16062	0	0
2025.04.29	04:00:00	1802.33	1811.63	1788.36	1792.80	21815	0	0
2025.04.29	08:00:00	1792.84	1835.94	1788.45	1833.04	22850	0	0
2025.04.29	12:00:00	1833.16	1843.17	1821.46	1822.34	23577	0	0
2025.04.29	16:00:00	1822.26	1832.70	1803.83	1816.62	30760	0	0
2025.04.29	20:00:00	1816.57	1830.34	1807.69	1808.90	23887	0	0
2025.04.30	00:00:00	1809.34	1813.30	1780.76	1805.85	22333	0	1
2025.04.30	04:00:00	1805.85	1813.28	1789.21	1812.33	21152	0	0
2025.04.30	08:00:00	1812.34	1812.74	1791.37	1795.55	16881	0	0
2025.04.30	12:00:00	1795.57	1817.13	1767.70	1775.70	22537	0	0
2025.04.30	16:00:00	1776.20	1776.63	1732.29	1767.77	37237	0	0
2025.04.30	20:00:00	1767.92	1809.56	1761.61	1794.33	28395	0	0
2025.05.01	00:00:00	1796.20	1800.62	1789.20	1797.76	18795	0	0
2025.05.01	04:00:00	1797.78	1818.97	1797.78	1809.20	18445	0	0
2025.05.01	08:00:00	1809.27	1820.28	1802.65	1817.89	15831	0	0
2025.05.01	12:00:00	1817.89	1859.46	1815.01	1849.38	26856	0	0
2025.05.01	16:00:00	1849.38	1873.79	1825.74	1860.16	31862	0	0
2025.05.01	20:00:00	1860.13	1865.50	1837.74	1840.06	21838	0	0
2025.05.02	00:00:00	1843.79	1850.78	1834.41	1847.88	23863	0	3
2025.05.02	04:00:00	1847.88	1852.01	1839.34	1841.90	22867	0	0
2025.05.02	08:00:00	1841.92	1844.53	1813.62	1824.18	25052	0	0
2025.05.02	12:00:00	1824.18	1843.64	1820.83	1841.75	20656	0	0
2025.05.02	16:00:00	1841.75	1871.55	1829.93	1853.37	24304	0	0
2025.05.02	20:00:00	1853.35	1856.22	1832.41	1847.36	21185	0	0
2025.05.03	00:00:00	1842.75	1847.33	1833.57	1839.17	26218	0	3
2025.05.03	04:00:00	1839.17	1841.44	1827.19	1839.04	28936	0	5
2025.05.03	08:00:00	1838.80	1839.64	1824.99	1827.38	14353	0	5
2025.05.03	12:00:00	1820.40	1833.21	1819.17	1830.04	15812	0	5
2025.05.03	16:00:00	1830.04	1840.59	1824.17	1827.90	19122	0	5
2025.05.03	20:00:00	1827.99	1840.38	1809.80	1839.28	11853	0	5
2025.05.04	00:00:00	1833.39	1849.23	1829.40	1837.05	26835	0	5
2025.05.04	04:00:00	1836.90	1849.63	1827.19	1831.54	37132	0	5
2025.05.04	08:00:00	1831.88	1850.77	1830.06	1831.52	36236	0	5
2025.05.04	12:00:00	1831.54	1836.12	1821.88	1830.53	31880	0	5
2025.05.04	16:00:00	1830.75	1834.17	1818.47	1828.05	33774	0	5
2025.05.04	20:00:00	1828.04	1843.08	1822.05	1836.66	29700	0	5
2025.05.05	00:00:00	1835.98	1837.39	1803.06	1815.75	20967	0	0
2025.05.05	04:00:00	1815.76	1817.20	1781.80	1804.72	24751	0	0
2025.05.05	08:00:00	1804.72	1831.44	1801.02	1828.40	20884	0	0
2025.05.05	12:00:00	1828.41	1830.63	1798.40	1805.63	21511	0	0
2025.05.05	16:00:00	1805.63	1815.81	1794.57	1807.65	29446	0	0
2025.05.05	20:00:00	1807.65	1828.13	1799.01	1808.63	24859	0	0
2025.05.06	00:00:00	1811.18	1832.71	1808.70	1813.84	15006	0	0
2025.05.06	04:00:00	1813.90	1820.65	1792.36	1806.68	15903	0	0
2025.05.06	08:00:00	1806.72	1809.04	1788.16	1801.27	14207	0	0
2025.05.06	12:00:00	1801.27	1801.52	1757.10	1774.81	24459	0	0
2025.05.06	16:00:00	1774.81	1779.11	1751.75	1762.53	32698	0	0
2025.05.06	20:00:00	1762.57	1798.48	1762.49	1775.07	27693	0	0
2025.05.07	00:00:00	1778.98	1847.59	1765.20	1842.14	27707	0	0
2025.05.07	04:00:00	1842.14	1849.78	1817.27	1828.17	17515	0	0
2025.05.07	08:00:00	1828.13	1844.07	1825.43	1840.52	14141	0	0
2025.05.07	12:00:00	1840.59	1846.99	1826.92	1830.64	19593	0	0
2025.05.07	16:00:00	1830.64	1835.12	1799.96	1812.00	27399	0	0
2025.05.07	20:00:00	1811.94	1816.94	1787.12	1798.40	32888	0	0
2025.05.08	00:00:00	1798.74	1828.20	1796.62	1826.97	22949	0	0
2025.05.08	04:00:00	1826.89	1916.35	1819.79	1893.93	30686	0	0
2025.05.08	08:00:00	1893.93	1946.59	1892.23	1935.25	21544	0	0
2025.05.08	12:00:00	1935.25	1977.35	1930.11	1960.03	23239	0	0
2025.05.08	16:00:00	1960.03	2075.70	1959.88	2050.65	39013	0	0
2025.05.08	20:00:00	2050.65	2198.99	2036.92	2185.09	38307	0	0
2025.05.09	00:00:00	2173.93	2225.20	2158.02	2200.72	30379	0	0
2025.05.09	04:00:00	2200.64	2244.98	2190.03	2213.57	23041	0	0
2025.05.09	08:00:00	2214.05	2489.95	2204.76	2412.56	39170	0	0
2025.05.09	12:00:00	2411.99	2423.83	2292.00	2339.52	46067	0	0
2025.05.09	16:00:00	2339.53	2388.17	2271.38	2297.92	42170	0	0
2025.05.09	20:00:00	2298.13	2355.02	2294.46	2340.24	34483	0	0
2025.05.10	00:00:00	2314.91	2381.57	2314.91	2326.38	23801	0	5
2025.05.10	04:00:00	2326.35	2355.23	2325.42	2337.03	32619	0	5
2025.05.10	08:00:00	2337.19	2378.98	2337.19	2367.51	18105	0	5
2025.05.10	12:00:00	2399.14	2420.85	2374.65	2408.54	14584	0	5
2025.05.10	16:00:00	2408.53	2474.71	2407.60	2462.15	30352	0	5
2025.05.10	20:00:00	2462.19	2512.14	2451.77	2491.18	34288	0	5
2025.05.11	00:00:00	2498.73	2606.28	2493.66	2544.00	37697	0	5
2025.05.11	04:00:00	2544.00	2566.10	2511.14	2545.33	37006	0	3
2025.05.11	08:00:00	2545.25	2562.65	2453.11	2481.53	31076	0	1
2025.05.11	12:00:00	2481.53	2535.79	2481.53	2515.98	23165	0	5
2025.05.11	16:00:00	2516.02	2529.69	2434.95	2471.68	29227	0	5
2025.05.11	20:00:00	2471.30	2526.51	2466.34	2511.53	21238	0	5
2025.05.12	00:00:00	2508.15	2546.13	2484.35	2531.78	25179	0	0
2025.05.12	04:00:00	2531.78	2548.47	2491.41	2518.62	25881	0	0
2025.05.12	08:00:00	2518.62	2624.23	2487.25	2577.75	34234	0	0
2025.05.12	12:00:00	2577.75	2582.74	2522.11	2549.97	36192	0	0
2025.05.12	16:00:00	2550.09	2576.52	2471.80	2500.55	38000	0	0
2025.05.12	20:00:00	2500.73	2512.24	2407.43	2485.49	32145	0	0
2025.05.13	00:00:00	2489.17	2500.15	2458.55	2462.81	22572	0	0
2025.05.13	04:00:00	2462.81	2475.98	2415.49	2455.65	27354	0	0
2025.05.13	08:00:00	2455.65	2480.13	2439.58	2457.13	14883	0	0
2025.05.13	12:00:00	2457.15	2541.73	2456.81	2524.82	27400	0	0
2025.05.13	16:00:00	2524.84	2600.95	2519.39	2597.77	34504	0	0
2025.05.13	20:00:00	2598.02	2738.77	2590.10	2690.00	39800	0	0
2025.05.14	00:00:00	2677.69	2707.86	2656.97	2696.10	28378	0	0
2025.05.14	04:00:00	2696.02	2725.14	2622.59	2674.05	23901	0	0
2025.05.14	08:00:00	2674.34	2686.97	2588.38	2597.76	20873	0	0
2025.05.14	12:00:00	2598.01	2635.52	2578.55	2613.52	30736	0	0
2025.05.14	16:00:00	2613.52	2627.73	2559.52	2590.05	33071	0	0
2025.05.14	20:00:00	2590.09	2617.85	2548.13	2600.38	28324	0	0
2025.05.15	00:00:00	2591.72	2646.87	2584.11	2632.47	20346	0	0
2025.05.15	04:00:00	2632.41	2637.51	2567.28	2593.40	25269	0	0
2025.05.15	08:00:00	2593.40	2596.73	2516.28	2564.75	25063	0	0
2025.05.15	12:00:00	2564.75	2580.02	2517.80	2553.36	31442	0	0
2025.05.15	16:00:00	2553.45	2599.69	2478.78	2599.07	37287	0	0
2025.05.15	20:00:00	2599.49	2603.97	2511.81	2537.28	37204	0	0
2025.05.16	00:00:00	2535.15	2565.65	2512.40	2544.89	29693	0	0
2025.05.16	04:00:00	2544.89	2589.76	2534.39	2574.51	27828	0	0
2025.05.16	08:00:00	2574.51	2620.78	2558.92	2573.64	27503	0	0
2025.05.16	12:00:00	2573.87	2649.62	2572.47	2599.39	24595	0	0
2025.05.16	16:00:00	2599.39	2617.36	2570.94	2587.59	25343	0	0
2025.05.16	20:00:00	2587.59	2596.11	2562.70	2571.17	19190	0	0
2025.05.17	00:00:00	2566.43	2583.92	2483.13	2502.00	36447	0	5
2025.05.17	04:00:00	2502.20	2514.33	2453.28	2507.20	31968	0	5
2025.05.17	08:00:00	2507.33	2510.85	2475.86	2494.21	14135	0	5
2025.05.17	12:00:00	2486.67	2490.01	2470.67	2473.18	10528	0	6
2025.05.17	16:00:00	2473.18	2487.11	2447.24	2468.93	25600	0	5
2025.05.17	20:00:00	2468.93	2496.59	2463.32	2489.60	21983	0	5
2025.05.18	00:00:00	2485.11	2494.85	2453.23	2484.22	32607	0	5
2025.05.18	04:00:00	2484.49	2490.14	2468.68	2486.93	32411	0	5
2025.05.18	08:00:00	2486.94	2529.20	2486.43	2518.54	39142	0	5
2025.05.18	12:00:00	2518.74	2524.83	2488.60	2509.01	37252	0	5
2025.05.18	16:00:00	2508.99	2588.41	2505.06	2574.61	43200	0	5
2025.05.18	20:00:00	2574.67	2576.31	2318.95	2394.52	39730	0	5
2025.05.19	00:00:00	2397.15	2513.71	2377.70	2443.25	37478	0	0
2025.05.19	04:00:00	2443.25	2450.66	2352.27	2365.94	35140	0	0
2025.05.19	08:00:00	2365.94	2423.18	2349.52	2405.55	34805	0	0
2025.05.19	12:00:00	2405.61	2422.84	2385.76	2401.43	29697	0	0
2025.05.19	16:00:00	2401.69	2510.81	2395.09	2510.50	36778	0	0
2025.05.19	20:00:00	2510.61	2547.91	2476.19	2520.99	34256	0	0
2025.05.20	00:00:00	2515.89	2564.30	2492.90	2515.48	26952	0	0
2025.05.20	04:00:00	2515.41	2588.15	2510.98	2571.65	23233	0	0
2025.05.20	08:00:00	2571.65	2577.04	2522.58	2535.26	19113	0	0
2025.05.20	12:00:00	2534.95	2540.39	2479.64	2485.30	25171	0	0
2025.05.20	16:00:00	2485.53	2493.26	2465.09	2475.68	32019	0	0
2025.05.20	20:00:00	2475.68	2524.63	2444.90	2514.30	32598	0	0
2025.05.21	00:00:00	2521.37	2541.30	2489.23	2530.79	25771	0	0
2025.05.21	04:00:00	2530.73	2562.10	2510.21	2551.61	20832	0	0
2025.05.21	08:00:00	2551.61	2616.77	2536.95	2539.16	25236	0	0
2025.05.21	12:00:00	2539.16	2556.84	2516.79	2540.11	25137	0	0
2025.05.21	16:00:00	2540.11	2615.84	2523.12	2587.06	33586	0	0
2025.05.21	20:00:00	2587.06	2596.73	2453.84	2510.10	41162	0	0
2025.05.22	00:00:00	2506.25	2599.44	2499.54	2586.82	31606	0	0
2025.05.22	04:00:00	2586.94	2648.41	2562.77	2628.56	29818	0	0
2025.05.22	08:00:00	2628.56	2681.54	2602.68	2663.68	26161	0	0
2025.05.22	12:00:00	2663.70	2692.90	2634.78	2658.02	27550	0	0
2025.05.22	16:00:00	2658.02	2680.55	2623.97	2646.67	26772	0	0
2025.05.22	20:00:00	2646.67	2675.13	2627.71	2641.46	26768	0	0
2025.05.23	00:00:00	2638.80	2679.86	2628.83	2663.34	18174	0	0
2025.05.23	04:00:00	2663.34	2733.26	2651.49	2697.72	18508	0	0
2025.05.23	08:00:00	2696.94	2706.78	2651.17	2669.21	23338	0	0
2025.05.23	12:00:00	2669.12	2688.77	2498.48	2549.45	35058	0	0
2025.05.23	16:00:00	2549.45	2592.91	2537.99	2567.35	38461	0	0
2025.05.23	20:00:00	2567.35	2587.53	2528.21	2543.54	23134	0	0
2025.05.24	00:00:00	2534.64	2559.92	2504.10	2516.41	33479	0	5
2025.05.24	04:00:00	2516.63	2564.49	2515.76	2560.06	37271	0	5
2025.05.24	08:00:00	2560.52	2561.69	2536.34	2548.34	16662	0	5
2025.05.24	12:00:00	2572.68	2576.70	2549.95	2560.51	19555	0	5
2025.05.24	16:00:00	2560.33	2565.72	2543.91	2558.55	37988	0	5
2025.05.24	20:00:00	2558.39	2568.16	2546.00	2553.32	30758	0	5
2025.05.25	00:00:00	2547.89	2551.41	2475.89	2488.01	35645	0	5
2025.05.25	04:00:00	2487.92	2521.54	2480.29	2517.99	37356	0	5
2025.05.25	08:00:00	2517.96	2519.47	2463.24	2478.61	34960	0	5
2025.05.25	12:00:00	2478.61	2518.67	2473.08	2517.59	38005	0	5
2025.05.25	16:00:00	2517.59	2525.89	2479.97	2513.25	38544	0	5
2025.05.25	20:00:00	2513.29	2536.33	2509.74	2524.57	30130	0	5
2025.05.26	00:00:00	2527.45	2575.71	2508.75	2572.92	26077	0	0
2025.05.26	04:00:00	2572.78	2578.74	2548.33	2565.35	19059	0	0
2025.05.26	08:00:00	2565.35	2600.50	2562.33	2569.30	17308	0	0
2025.05.26	12:00:00	2569.30	2575.66	2555.60	2569.31	18912	0	0
2025.05.26	16:00:00	2569.31	2574.16	2536.45	2543.45	25864	0	0
2025.05.26	20:00:00	2543.45	2568.32	2527.25	2566.83	20288	0	0
2025.05.27	00:00:00	2561.45	2585.09	2550.13	2551.48	19002	0	0
2025.05.27	04:00:00	2551.43	2569.50	2509.86	2559.67	21098	0	0
2025.05.27	08:00:00	2559.67	2643.50	2551.14	2636.03	14681	0	0
2025.05.27	12:00:00	2636.03	2655.17	2622.87	2648.94	18856	0	0
2025.05.27	16:00:00	2648.92	2685.08	2634.33	2671.46	27691	0	0
2025.05.27	20:00:00	2671.61	2713.65	2665.13	2668.91	29721	0	0
2025.05.28	00:00:00	2673.05	2677.86	2642.06	2658.90	27156	0	0
2025.05.28	04:00:00	2658.90	2660.18	2619.17	2647.40	18745	0	0
2025.05.28	08:00:00	2647.40	2648.48	2625.01	2644.18	8929	0	0
2025.05.28	12:00:00	2644.18	2682.06	2607.89	2668.01	16690	0	0
2025.05.28	16:00:00	2668.04	2690.32	2614.19	2641.24	27607	0	0
2025.05.28	20:00:00	2641.36	2665.25	2612.45	2634.87	32473	0	0
2025.05.29	00:00:00	2631.66	2722.30	2631.42	2721.99	19179	0	0
2025.05.29	04:00:00	2722.02	2788.59	2698.88	2728.97	19695	0	0
2025.05.29	08:00:00	2728.97	2738.01	2712.68	2724.23	15469	0	0
2025.05.29	12:00:00	2724.23	2745.10	2677.52	2694.27	20032	0	0
2025.05.29	16:00:00	2694.07	2700.81	2622.70	2640.25	33282	0	0
2025.05.29	20:00:00	2640.20	2673.30	2628.89	2643.79	30083	0	0
2025.05.30	00:00:00	2645.19	2668.88	2558.78	2573.16	17505	0	0
2025.05.30	04:00:00	2573.51	2642.66	2568.67	2635.41	17312	0	0
2025.05.30	08:00:00	2635.41	2649.94	2607.58	2618.31	19699	0	0
2025.05.30	12:00:00	2618.66	2629.58	2580.46	2611.55	29773	0	0
2025.05.30	16:00:00	2611.57	2619.64	2534.82	2540.93	26764	0	0
2025.05.30	20:00:00	2541.01	2589.44	2539.37	2577.71	28942	0	0
2025.05.31	00:00:00	2576.47	2586.68	2503.11	2521.07	28962	0	5
2025.05.31	04:00:00	2521.08	2528.95	2475.50	2524.17	31342	0	5
2025.05.31	08:00:00	2524.15	2528.07	2513.51	2522.68	8246	0	5
2025.05.31	12:00:00	2521.61	2538.91	2510.05	2538.77	9414	0	5
2025.05.31	16:00:00	2538.33	2551.88	2527.78	2542.22	20943	0	5
2025.05.31	20:00:00	2542.17	2544.65	2524.12	2543.25	13764	0	5
2025.06.01	00:00:00	2544.96	2551.77	2515.97	2527.21	16071	0	5
2025.06.01	04:00:00	2526.89	2531.97	2492.52	2522.79	20426	0	5
2025.06.01	08:00:00	2522.80	2528.04	2499.74	2507.08	17215	0	5
2025.06.01	12:00:00	2507.08	2512.29	2469.67	2485.61	23103	0	5
2025.06.01	16:00:00	2485.45	2549.35	2481.96	2540.87	25274	0	5
2025.06.01	20:00:00	2540.92	2548.76	2495.02	2526.93	19940	0	5
2025.06.02	00:00:00	2527.58	2548.71	2526.29	2535.20	18611	0	0
2025.06.02	04:00:00	2535.20	2542.88	2486.29	2493.60	24084	0	0
2025.06.02	08:00:00	2493.60	2517.06	2484.58	2495.67	23758	0	0
2025.06.02	12:00:00	2495.54	2499.30	2476.07	2498.85	30060	0	0
2025.06.02	16:00:00	2498.89	2557.08	2488.74	2547.93	34809	0	0
2025.06.02	20:00:00	2547.93	2566.14	2525.91	2540.92	26546	0	0
2025.06.03	00:00:00	2545.31	2627.74	2541.90	2623.37	26628	0	0
2025.06.03	04:00:00	2623.48	2651.33	2590.45	2593.44	24568	0	0
2025.06.03	08:00:00	2593.44	2622.25	2593.44	2608.78	19334	0	0
2025.06.03	12:00:00	2608.78	2622.13	2599.66	2612.10	18779	0	0
2025.06.03	16:00:00	2612.11	2658.10	2605.19	2606.58	30831	0	0
2025.06.03	20:00:00	2606.62	2630.14	2595.52	2616.46	28413	0	0
2025.06.04	00:00:00	2611.84	2617.27	2572.75	2600.45	24969	0	1
2025.06.04	04:00:00	2600.48	2642.46	2599.85	2638.86	18521	0	1
2025.06.04	08:00:00	2638.86	2647.83	2621.36	2642.63	11547	0	0
2025.06.04	12:00:00	2642.63	2651.83	2616.45	2618.29	19611	0	0
2025.06.04	16:00:00	2618.29	2680.83	2595.55	2661.88	30647	0	0
2025.06.04	20:00:00	2660.78	2661.78	2600.41	2606.86	27449	0	0
2025.06.05	00:00:00	2600.78	2624.76	2600.41	2613.17	21462	0	0
2025.06.05	04:00:00	2612.93	2635.67	2605.44	2631.79	14643	0	0
2025.06.05	08:00:00	2631.79	2632.64	2599.24	2606.54	14680	0	0
2025.06.05	12:00:00	2606.54	2642.16	2582.30	2633.02	21856	0	0
2025.06.05	16:00:00	2632.92	2637.02	2553.86	2559.95	30996	0	0
2025.06.05	20:00:00	2560.01	2584.12	2394.32	2399.25	39239	0	0
2025.06.06	00:00:00	2417.82	2448.72	2384.39	2427.60	35032	0	0
2025.06.06	04:00:00	2427.51	2464.92	2403.99	2460.13	27738	0	0
2025.06.06	08:00:00	2460.13	2469.50	2447.96	2462.52	24552	0	0
2025.06.06	12:00:00	2462.48	2501.25	2460.99	2476.88	24952	0	0
2025.06.06	16:00:00	2477.21	2532.66	2476.73	2499.50	35208	0	0
2025.06.06	20:00:00	2499.50	2508.44	2483.70	2501.37	26431	0	0
2025.06.07	00:00:00	2492.32	2496.50	2459.20	2482.73	14582	0	5
2025.06.07	04:00:00	2482.65	2495.64	2468.17	2492.08	21510	0	5
2025.06.07	08:00:00	2492.30	2503.59	2486.11	2503.59	6095	0	1
2025.06.07	12:00:00	2496.75	2507.92	2494.31	2499.50	7615	0	5
2025.06.07	16:00:00	2499.70	2527.37	2494.33	2511.52	21010	0	5
2025.06.07	20:00:00	2511.53	2527.38	2508.18	2523.39	15310	0	5
2025.06.08	00:00:00	2521.01	2545.30	2515.98	2519.16	12160	0	5
2025.06.08	04:00:00	2519.06	2523.19	2509.51	2517.93	14236	0	5
2025.06.08	08:00:00	2517.94	2522.28	2510.25	2518.01	10111	0	5
2025.06.08	12:00:00	2518.03	2518.99	2491.85	2508.90	15717	0	5
2025.06.08	16:00:00	2508.91	2531.75	2504.20	2529.52	17839	0	5
2025.06.08	20:00:00	2529.44	2542.89	2520.87	2532.86	12536	0	5
2025.06.09	00:00:00	2535.55	2549.51	2496.30	2506.29	23055	0	0
2025.06.09	04:00:00	2506.19	2506.36	2483.26	2486.35	23261	0	0
2025.06.09	08:00:00	2486.42	2498.54	2479.01	2496.71	14082	0	0
2025.06.09	12:00:00	2496.71	2549.91	2492.17	2546.56	30933	0	0
2025.06.09	16:00:00	2546.55	2574.39	2511.12	2559.90	31205	0	0
2025.06.09	20:00:00	2559.90	2593.93	2557.22	2590.72	24387	0	0
2025.06.10	00:00:00	2609.29	2727.59	2605.56	2700.07	33581	0	0
2025.06.10	04:00:00	2700.06	2716.22	2675.70	2690.53	18615	0	0
2025.06.10	08:00:00	2690.53	2700.55	2656.37	2674.88	13616	0	0
2025.06.10	12:00:00	2675.01	2798.85	2673.88	2766.03	26770	0	0
2025.06.10	16:00:00	2766.03	2779.65	2689.72	2731.53	29208	0	0
2025.06.10	20:00:00	2731.53	2806.32	2731.39	2774.23	28060	0	0
2025.06.11	00:00:00	2763.58	2834.76	2735.65	2795.58	33147	0	0
2025.06.11	04:00:00	2795.58	2804.42	2771.95	2797.44	20318	0	0
2025.06.11	08:00:00	2797.37	2803.13	2765.75	2769.52	22463	0	0
2025.06.11	12:00:00	2769.52	2822.43	2754.23	2805.42	19556	0	0
2025.06.11	16:00:00	2805.42	2880.11	2784.20	2868.46	37351	0	0
2025.06.11	20:00:00	2868.46	2873.67	2790.01	2816.37	36361	0	0
2025.06.12	00:00:00	2818.31	2832.16	2744.25	2776.09	28337	0	0
2025.06.12	04:00:00	2776.09	2785.10	2746.70	2762.67	20716	0	0
2025.06.12	08:00:00	2762.67	2777.13	2733.24	2757.79	16352	0	0
2025.06.12	12:00:00	2757.79	2762.51	2712.53	2737.21	22447	0	0
2025.06.12	16:00:00	2737.21	2773.79	2713.97	2743.72	26289	0	0
2025.06.12	20:00:00	2743.72	2772.02	2618.11	2640.27	37156	0	0
2025.06.13	00:00:00	2646.07	2661.47	2500.20	2531.39	33744	0	0
2025.06.13	04:00:00	2531.27	2531.33	2439.09	2509.57	36223	0	0
2025.06.13	08:00:00	2509.57	2543.39	2493.97	2518.94	20909	0	0
2025.06.13	12:00:00	2518.94	2564.51	2508.02	2543.39	32308	0	0
2025.06.13	16:00:00	2543.50	2586.65	2505.20	2563.38	31172	0	0
2025.06.13	20:00:00	2563.38	2563.38	2511.20	2547.91	36897	0	0
2025.06.14	00:00:00	2540.82	2585.47	2540.82	2563.62	30825	0	5
2025.06.14	04:00:00	2563.50	2569.58	2548.59	2553.48	28583	0	5
2025.06.14	08:00:00	2553.68	2558.60	2543.49	2544.64	12694	0	5
2025.06.14	12:00:00	2532.41	2541.25	2529.97	2537.76	7196	0	5
2025.06.14	16:00:00	2537.70	2547.24	2492.93	2498.06	29431	0	5
2025.06.14	20:00:00	2498.06	2524.64	2489.82	2510.29	31318	0	5
2025.06.15	00:00:00	2504.05	2542.84	2504.05	2538.92	24868	0	5
2025.06.15	04:00:00	2538.85	2547.63	2526.22	2544.90	24601	0	5
2025.06.15	08:00:00	2544.85	2555.06	2519.41	2522.22	28998	0	5
2025.06.15	12:00:00	2521.97	2527.90	2508.98	2526.87	27739	0	5
2025.06.15	16:00:00	2526.86	2555.92	2523.21	2552.37	33116	0	5
2025.06.15	20:00:00	2552.51	2559.46	2492.00	2503.82	27199	0	5
2025.06.16	00:00:00	2506.30	2553.04	2498.00	2544.95	26467	0	0
2025.06.16	04:00:00	2544.85	2579.37	2515.11	2576.30	21599	0	0
2025.06.16	08:00:00	2576.20	2638.94	2573.94	2630.91	17241	0	0
2025.06.16	12:00:00	2630.91	2633.81	2592.53	2615.65	23093	0	0
2025.06.16	16:00:00	2615.65	2658.73	2608.52	2637.03	35792	0	0
2025.06.16	20:00:00	2637.03	2681.09	2629.91	2670.41	29079	0	0
2025.06.17	00:00:00	2666.46	2667.62	2525.43	2588.48	34971	0	0
2025.06.17	04:00:00	2588.60	2619.05	2558.70	2592.77	23424	0	0
2025.06.17	08:00:00	2592.77	2599.13	2567.26	2572.17	19565	0	0
2025.06.17	12:00:00	2572.17	2576.65	2541.90	2548.33	28397	0	0
2025.06.17	16:00:00	2548.33	2568.19	2459.70	2461.98	34592	0	0
2025.06.17	20:00:00	2461.79	2544.32	2453.89	2511.03	37496	0	0
2025.06.18	00:00:00	2512.55	2530.00	2492.04	2526.25	25017	0	0
2025.06.18	04:00:00	2526.20	2546.94	2513.14	2537.64	18962	0	0
2025.06.18	08:00:00	2537.80	2548.75	2518.39	2533.96	13826	0	0
2025.06.18	12:00:00	2533.96	2541.03	2489.01	2493.97	24379	0	0
2025.06.18	16:00:00	2493.98	2539.27	2466.61	2500.48	35337	0	0
2025.06.18	20:00:00	2500.57	2537.40	2467.85	2529.04	37850	0	0
2025.06.19	00:00:00	2526.95	2547.49	2510.66	2530.01	20530	0	0
2025.06.19	04:00:00	2530.11	2530.87	2507.41	2524.72	16342	0	2
2025.06.19	08:00:00	2524.72	2531.75	2517.06	2523.79	12405	0	0
2025.06.19	12:00:00	2523.79	2545.04	2520.03	2525.77	15038	0	0
2025.06.19	16:00:00	2525.71	2526.50	2485.04	2488.23	25138	0	0
2025.06.19	20:00:00	2488.41	2523.07	2486.59	2507.36	21330	0	0
2025.06.20	00:00:00	2508.69	2532.30	2504.65	2526.15	12029	0	0
2025.06.20	04:00:00	2526.15	2530.94	2503.53	2504.81	8833	0	0
2025.06.20	08:00:00	2504.94	2569.90	2503.66	2554.26	23258	0	0
2025.06.20	12:00:00	2553.62	2558.69	2541.94	2552.61	18212	0	0
2025.06.20	16:00:00	2552.61	2560.48	2476.57	2482.67	35465	0	0
2025.06.20	20:00:00	2482.67	2487.72	2367.58	2427.14	34516	0	0
2025.06.21	00:00:00	2418.51	2422.18	2380.62	2412.08	29465	0	5
2025.06.21	04:00:00	2411.80	2433.55	2410.67	2423.61	33985	0	5
2025.06.21	08:00:00	2423.85	2429.10	2419.80	2425.59	14573	0	5
2025.06.21	12:00:00	2439.84	2447.19	2434.84	2436.88	14690	0	5
2025.06.21	16:00:00	2436.88	2444.34	2412.85	2416.73	31142	0	5
2025.06.21	20:00:00	2416.79	2425.20	2378.54	2403.71	36049	0	5
2025.06.22	00:00:00	2399.50	2401.81	2215.14	2295.37	43994	0	5
2025.06.22	04:00:00	2295.57	2302.11	2246.98	2282.62	45555	0	5
2025.06.22	08:00:00	2282.19	2298.95	2264.27	2275.63	39772	0	5
2025.06.22	12:00:00	2275.34	2288.71	2236.84	2281.83	37949	0	5
2025.06.22	16:00:00	2281.84	2286.44	2156.43	2197.13	45230	0	5
2025.06.22	20:00:00	2197.14	2220.29	2111.98	2187.90	38063	0	5
2025.06.23	00:00:00	2187.37	2260.40	2173.92	2241.76	29628	0	0
2025.06.23	04:00:00	2241.76	2248.71	2225.82	2234.79	28115	0	0
2025.06.23	08:00:00	2234.47	2275.62	2234.27	2262.64	30900	0	0
2025.06.23	12:00:00	2262.61	2267.77	2239.54	2267.04	24107	0	0
2025.06.23	16:00:00	2266.98	2314.48	2189.63	2222.89	39245	0	0
2025.06.23	20:00:00	2222.82	2380.45	2218.03	2348.18	37696	0	0
2025.06.24	00:00:00	2352.12	2439.30	2336.54	2404.07	29705	0	0
2025.06.24	04:00:00	2404.07	2418.84	2391.19	2405.11	23492	0	0
2025.06.24	08:00:00	2405.11	2436.16	2377.77	2404.94	28336	0	0
2025.06.24	12:00:00	2404.94	2449.76	2399.24	2415.35	30223	0	0
2025.06.24	16:00:00	2415.35	2483.04	2405.77	2480.32	32020	0	0
2025.06.24	20:00:00	2480.23	2482.53	2418.76	2450.38	26926	0	0
2025.06.25	00:00:00	2441.25	2462.90	2431.53	2459.56	18480	0	0
2025.06.25	04:00:00	2459.56	2469.77	2430.05	2436.45	17117	0	1
2025.06.25	08:00:00	2436.45	2452.19	2425.16	2441.02	18940	0	0
2025.06.25	12:00:00	2440.98	2449.69	2408.93	2430.47	22139	0	0
2025.06.25	16:00:00	2430.47	2447.39	2391.41	2411.65	32328	0	0
2025.06.25	20:00:00	2411.78	2442.82	2408.06	2439.92	25088	0	0
2025.06.26	00:00:00	2446.80	2449.26	2409.19	2428.07	21507	0	0
2025.06.26	04:00:00	2428.04	2521.32	2420.80	2481.36	25176	0	0
2025.06.26	08:00:00	2481.36	2501.92	2468.28	2488.47	15409	0	0
2025.06.26	12:00:00	2488.32	2490.25	2435.01	2441.12	18417	0	0
2025.06.26	16:00:00	2441.12	2460.29	2410.60	2428.62	24388	0	0
2025.06.26	20:00:00	2428.62	2458.41	2418.93	2446.47	20017	0	0
2025.06.27	00:00:00	2443.14	2444.06	2395.12	2401.26	18520	0	0
2025.06.27	04:00:00	2401.26	2454.18	2381.91	2450.54	17240	0	0
2025.06.27	08:00:00	2450.54	2464.19	2435.97	2449.26	18161	0	0
2025.06.27	12:00:00	2449.42	2464.08	2427.56	2430.43	14579	0	0
2025.06.27	16:00:00	2430.38	2450.36	2414.66	2434.32	20795	0	0
2025.06.27	20:00:00	2434.32	2434.71	2389.38	2427.26	12123	0	0
2025.06.28	00:00:00	2425.50	2429.89	2414.86	2419.57	23739	0	5
2025.06.28	04:00:00	2419.60	2424.25	2406.83	2422.95	27125	0	5
2025.06.28	08:00:00	2423.04	2430.21	2420.38	2429.59	12554	0	5
2025.06.28	12:00:00	2427.86	2430.28	2423.20	2427.02	12194	0	5
2025.06.28	16:00:00	2427.18	2444.93	2420.78	2436.37	28254	0	5
2025.06.28	20:00:00	2436.36	2448.95	2428.25	2430.45	20297	0	5
2025.06.29	00:00:00	2431.35	2444.04	2429.85	2439.31	21648	0	5
2025.06.29	04:00:00	2439.42	2439.70	2425.23	2430.75	22434	0	5
2025.06.29	08:00:00	2431.20	2449.00	2428.46	2445.51	23862	0	5
2025.06.29	12:00:00	2445.25	2464.87	2440.56	2456.44	31603	0	5
2025.06.29	16:00:00	2456.22	2458.38	2430.10	2439.51	28505	0	5
2025.06.29	20:00:00	2439.51	2443.49	2432.75	2432.94	21827	0	5
2025.06.30	00:00:00	2419.45	2525.24	2418.57	2519.37	26513	0	0
2025.06.30	04:00:00	2519.43	2520.54	2494.92	2495.60	17409	0	0
2025.06.30	08:00:00	2495.60	2504.64	2456.94	2469.41	11794	0	0
2025.06.30	12:00:00	2469.50	2477.36	2447.31	2460.84	12412	0	0
2025.06.30	16:00:00	2460.77	2488.65	2434.77	2475.88	26923	0	0
2025.06.30	20:00:00	2475.86	2522.65	2474.07	2503.03	20128	0	0
2025.07.01	00:00:00	2500.99	2502.51	2477.87	2493.33	21479	0	0
2025.07.01	04:00:00	2493.36	2501.01	2460.26	2461.33	13568	0	0
2025.07.01	08:00:00	2461.33	2469.05	2445.80	2453.78	16057	0	0
2025.07.01	12:00:00	2453.64	2462.48	2435.62	2438.03	18789	0	0
2025.07.01	16:00:00	2438.03	2457.26	2407.78	2424.99	27670	0	0
2025.07.01	20:00:00	2424.99	2434.14	2393.89	2415.25	24369	0	0
2025.07.02	00:00:00	2411.56	2418.62	2387.22	2398.59	15555	0	0
2025.07.02	04:00:00	2398.56	2441.89	2373.89	2439.72	15888	0	0
2025.07.02	08:00:00	2439.66	2456.21	2434.42	2449.74	12124	0	0
2025.07.02	12:00:00	2449.74	2460.85	2432.15	2439.01	11880	0	0
2025.07.02	16:00:00	2439.01	2565.17	2437.26	2561.95	22857	0	0
2025.07.02	20:00:00	2562.08	2608.22	2553.17	2591.03	29068	0	0
2025.07.03	00:00:00	2589.52	2619.66	2563.88	2574.42	14415	0	0
2025.07.03	04:00:00	2574.38	2587.11	2556.94	2567.60	12316	0	0
2025.07.03	08:00:00	2567.60	2608.75	2566.73	2589.15	12796	0	0
2025.07.03	12:00:00	2589.15	2617.69	2566.34	2590.03	17696	0	0
2025.07.03	16:00:00	2589.89	2636.59	2565.59	2572.76	22595	0	0
2025.07.03	20:00:00	2572.75	2600.03	2572.67	2599.92	15460	0	0
2025.07.04	00:00:00	2602.92	2604.17	2582.22	2589.46	13412	0	0
2025.07.04	04:00:00	2589.40	2603.79	2570.04	2571.11	13386	0	0
2025.07.04	08:00:00	2571.11	2582.23	2528.62	2548.16	20144	0	0
2025.07.04	12:00:00	2548.16	2559.75	2544.32	2548.82	15761	0	0
2025.07.04	16:00:00	2548.82	2556.86	2475.13	2488.42	30478	0	0
2025.07.04	20:00:00	2488.38	2498.53	2474.84	2491.10	18169	0	0
2025.07.05	00:00:00	2493.34	2521.96	2484.83	2518.24	15058	0	5
2025.07.05	04:00:00	2518.02	2526.51	2499.74	2517.81	18941	0	5
2025.07.05	08:00:00	2517.81	2529.94	2514.14	2529.04	9095	0	5
2025.07.05	12:00:00	2519.41	2526.93	2511.43	2519.13	8487	0	5
2025.07.05	16:00:00	2519.25	2523.14	2492.97	2507.10	18339	0	5
2025.07.05	20:00:00	2507.16	2513.11	2488.14	2506.96	18640	0	5
2025.07.06	00:00:00	2507.85	2523.52	2506.83	2521.15	11779	0	5
2025.07.06	04:00:00	2521.33	2521.77	2510.12	2513.21	11919	0	5
2025.07.06	08:00:00	2513.21	2527.66	2509.13	2513.77	14534	0	5
2025.07.06	12:00:00	2513.75	2521.83	2504.34	2520.85	15249	0	5
2025.07.06	16:00:00	2520.92	2570.59	2517.53	2552.99	28498	0	5
2025.07.06	20:00:00	2552.93	2553.89	2524.50	2546.22	20054	0	5
2025.07.07	00:00:00	2547.68	2605.52	2547.68	2561.73	20084	0	0
2025.07.07	04:00:00	2561.73	2591.13	2551.17	2573.65	8275	0	0
2025.07.07	08:00:00	2573.65	2588.62	2560.33	2585.37	11759	0	0
2025.07.07	12:00:00	2585.37	2585.77	2544.30	2549.29	12796	0	0
2025.07.07	16:00:00	2549.29	2569.21	2512.97	2524.10	21147	0	0
2025.07.07	20:00:00	2524.10	2557.08	2516.14	2534.51	24248	0	0
2025.07.08	00:00:00	2535.98	2554.52	2523.15	2540.46	13604	0	0
2025.07.08	04:00:00	2540.46	2544.30	2523.45	2543.55	14598	0	0
2025.07.08	08:00:00	2543.55	2563.86	2541.52	2546.26	17163	0	0
2025.07.08	12:00:00	2546.26	2585.54	2543.16	2583.52	13992	0	0
2025.07.08	16:00:00	2583.53	2601.12	2558.39	2576.70	17163	0	0
2025.07.08	20:00:00	2576.70	2628.55	2575.67	2599.03	15991	0	0
2025.07.09	00:00:00	2603.77	2618.48	2601.76	2613.91	11358	0	0
2025.07.09	04:00:00	2613.91	2627.38	2590.57	2602.92	15633	0	0
2025.07.09	08:00:00	2603.68	2646.52	2602.49	2612.39	15280	0	0
2025.07.09	12:00:00	2612.39	2666.92	2604.78	2660.37	14630	0	0
2025.07.09	16:00:00	2660.37	2675.40	2629.53	2667.12	17962	0	0
2025.07.09	20:00:00	2667.12	2795.57	2653.78	2738.16	26349	0	0
2025.07.10	00:00:00	2743.99	2783.93	2739.06	2757.44	13653	0	0
2025.07.10	04:00:00	2757.44	2798.72	2756.15	2779.56	14668	0	1
2025.07.10	08:00:00	2779.58	2824.01	2773.67	2789.48	18733	0	0
2025.07.10	12:00:00	2789.34	2790.75	2767.90	2779.43	19185	0	0
2025.07.10	16:00:00	2779.50	2814.97	2760.18	2809.84	17919	0	0
2025.07.10	20:00:00	2809.74	2842.77	2797.36	2820.45	29762	0	0
2025.07.11	00:00:00	2826.05	3004.94	2822.71	2937.52	24418	0	0
2025.07.11	04:00:00	2937.52	2975.71	2932.74	2971.15	10480	0	0
2025.07.11	08:00:00	2971.15	3030.66	2962.69	3004.42	23778	0	0
2025.07.11	12:00:00	3004.42	3040.96	2970.34	2987.58	26005	0	0
2025.07.11	16:00:00	2987.68	3010.42	2936.24	2968.85	38568	0	0
2025.07.11	20:00:00	2969.02	3011.68	2964.76	2976.23	30605	0	0
2025.07.12	00:00:00	2982.35	2998.33	2924.39	2954.59	32005	0	5
2025.07.12	04:00:00	2954.56	2972.55	2942.61	2953.48	29982	0	5
2025.07.12	08:00:00	2953.75	2965.42	2944.76	2961.24	15224	0	5
2025.07.12	12:00:00	2977.06	2980.80	2917.79	2945.07	16737	0	5
2025.07.12	16:00:00	2945.07	2950.50	2904.93	2926.36	37427	0	5
2025.07.12	20:00:00	2925.89	2947.35	2917.74	2917.74	25885	0	5
2025.07.13	00:00:00	2923.54	2951.69	2922.58	2946.06	23676	0	5
2025.07.13	04:00:00	2946.08	2962.35	2940.03	2959.89	26637	0	5
2025.07.13	08:00:00	2960.74	2968.37	2950.34	2957.84	24918	0	5
2025.07.13	12:00:00	2957.62	2995.31	2945.36	2987.52	27139	0	5
2025.07.13	16:00:00	2987.38	3021.40	2973.32	2976.15	36461	0	5
2025.07.13	20:00:00	2976.12	3011.57	2963.86	2993.11	22556	0	5
2025.07.14	00:00:00	2990.73	2990.73	2941.78	2976.83	25607	0	0
2025.07.14	04:00:00	2976.83	3059.25	2964.30	3053.82	31996	0	0
2025.07.14	08:00:00	3053.76	3065.27	3018.25	3040.46	31925	0	0
2025.07.14	12:00:00	3040.51	3083.82	3030.49	3052.01	27290	0	0
2025.07.14	16:00:00	3052.01	3069.32	2994.17	3025.64	27550	0	0
2025.07.14	20:00:00	3025.67	3025.85	2981.44	3004.45	23807	0	0
2025.07.15	00:00:00	3006.68	3023.74	2989.53	2993.60	18544	0	0
2025.07.15	04:00:00	2993.67	3001.07	2933.24	2968.74	25818	0	0
2025.07.15	08:00:00	2968.74	2995.46	2959.24	2973.86	22023	0	0
2025.07.15	12:00:00	2973.62	3013.80	2961.83	3000.57	23330	0	0
2025.07.15	16:00:00	3000.57	3067.34	2966.36	3047.22	37461	0	0
2025.07.15	20:00:00	3047.12	3097.74	3030.09	3041.38	26584	0	0
2025.07.16	00:00:00	3049.43	3152.67	3045.97	3143.18	25531	0	0
